Rank,Title,Distributor,Domestic gross,Quarter,Opening,Opening.1,Production company,Cast and crew,Ref.,Month,Year,Domestic gross_clean
1.0,Barbie,Warner Bros.,"$636,236,401",Table 1,nan,N/A,N/A,N/A,N/A,nan,2023,636236401.0
2.0,The Super Mario Bros. Movie,Universal,"$574,934,330",Table 1,nan,N/A,N/A,N/A,N/A,nan,2023,574934330.0
3.0,Spider-Man: Across the Spider-Verse,Sony,"$381,593,754",Table 1,nan,N/A,N/A,N/A,N/A,nan,2023,381593754.0
4.0,Guardians of the Galaxy Vol. 3,Disney,"$358,995,815",Table 1,nan,N/A,N/A,N/A,N/A,nan,2023,358995815.0
5.0,Oppenheimer,Universal,"$329,862,540",Table 1,nan,N/A,N/A,N/A,N/A,nan,2023,329862540.0
6.0,The Little Mermaid,Disney,"$298,172,056",Table 1,nan,N/A,N/A,N/A,N/A,nan,2023,298172056.0
7.0,Wonka,Warner Bros.,"$218,377,073",Table 1,nan,N/A,N/A,N/A,N/A,nan,2023,218377073.0
8.0,Ant-Man and the Wasp: Quantumania,Disney,"$214,506,909",Table 1,nan,N/A,N/A,N/A,N/A,nan,2023,214506909.0
9.0,John Wick: Chapter 4,Lionsgate,"$187,131,806",Table 1,nan,N/A,N/A,N/A,N/A,nan,2023,187131806.0
10.0,Sound of Freedom,Angel Studios,"$184,174,617",Table 1,nan,N/A,N/A,N/A,N/A,nan,2023,184174617.0
N/A,M3GAN,N/A,N/A,Table 2,J A N U A R Y,6.0,Universal Pictures / Blumhouse Productions / Atomic Monster,"Gerard Johnstone (director); Akela Cooper (screenplay); Allison Williams, Violet McGraw, Amie Donald, Jenna Davis, Ronny Chieng, Brian Jordan Alvarez",[3],N/A,2023,0.0
N/A,The Old Way,N/A,N/A,Table 2,J A N U A R Y,6.0,Saban Films / Saturn Films,"Brett Donowho (director); Carl W. Lucas (screenplay); Nicolas Cage, Ryan Kiera Armstrong",[4],N/A,2023,0.0
N/A,The Devil Conspiracy,N/A,N/A,Table 2,J A N U A R Y,11.0,Samuel Goldwyn Films,"Nathan Frankowski (director); Ed Alan (screenplay); Alice Orr-Ewing, Joe Doyle, Eveline Hall, Peter Mensah, Joe Anderson, Spencer Wilding, Brian Caspe, James Faulkner",[5],N/A,2023,0.0
N/A,Plane,N/A,N/A,Table 2,J A N U A R Y,13.0,Lionsgate / MadRiver Pictures / Di Bonaventura Pictures,"Jean-François Richet (director); Charles Cumming, J. P. Davis (screenplay); Gerard Butler, Mike Colter, Yoson An, Tony Goldwyn",[6],N/A,2023,0.0
N/A,House Party,N/A,N/A,Table 2,J A N U A R Y,13.0,Warner Bros. Pictures / New Line Cinema,"Calmatic (director); Jamal Olori, Stephen Glover (screenplay); Tosin Cole, Jacob Latimore, Karen Obilom, D.C. Young Fly, Scott Mescudi",[7],N/A,2023,0.0
N/A,Sick,N/A,N/A,Table 2,J A N U A R Y,13.0,Peacock / Miramax / Blumhouse Productions,"John Hyams (director); Kevin Williamson, Katelyn Crabb (screenplay); Gideon Adlon, Bethlehem Million, Marc Menchaca, Jane Adams",[8],N/A,2023,0.0
N/A,The Drop,N/A,N/A,Table 2,J A N U A R Y,13.0,Hulu / Duplass Brothers Productions,"Sarah Adina Smith (director/screenplay); Joshua Leonard (screenplay); Anna Konkle, Jermaine Fowler, Jillian Bell, Utkarsh Ambudkar",[9],N/A,2023,0.0
N/A,Dog Gone,N/A,N/A,Table 2,J A N U A R Y,13.0,Netflix,"Stephen Herek (director); Nick Santora (screenplay); Rob Lowe, Johnny Berchtold, Kimberly Williams-Paisley",[10],N/A,2023,0.0
N/A,There's Something Wrong with the Children,N/A,N/A,Table 2,J A N U A R Y,17.0,Paramount Pictures / Blumhouse Productions,"Roxanne Benjamin (director); T. J. Cimfel, David White (screenplay); Alisha Wainwright, Zach Gilford, Amanda Crew, Carlos Santos",[11],N/A,2023,0.0
N/A,Missing,N/A,N/A,Table 2,J A N U A R Y,20.0,Screen Gems / Stage 6 Films / Bazelevs Company,"Nick Johnson, Will Merrick (directors/screenplay); Storm Reid, Joaquim de Almeida, Ken Leung, Amy Landecker, Daniel Henney, Nia Long",[12],N/A,2023,0.0
N/A,The Son,N/A,N/A,Table 2,J A N U A R Y,20.0,Sony Pictures Classics / Film4 Productions / Ingenious Media / See-Saw Films,"Florian Zeller (director/screenplay); Christopher Hampton (screenplay); Hugh Jackman, Laura Dern, Vanessa Kirby, Zen McGrath, Hugh Quarshie, Anthony Hopkins",[13],N/A,2023,0.0
N/A,When You Finish Saving the World,N/A,N/A,Table 2,J A N U A R Y,20.0,A24,"Jesse Eisenberg (director/screenplay); Julianne Moore, Finn Wolfhard, Alisha Boe, Jay O. Sanders, Billy Bryk, Eleonore Hendricks",[14],N/A,2023,0.0
N/A,Detective Knight: Independence,N/A,N/A,Table 2,J A N U A R Y,20.0,Lionsgate,Edward John Drake (director/screenplay); Corey Large (screenplay); Bruce Willis,[15],N/A,2023,0.0
N/A,Kids vs. Aliens,N/A,N/A,Table 2,J A N U A R Y,20.0,RLJE Films / Shudder,"Jason Eisener (director/screenplay); John Davies (screenplay); Dominic Mariche, Phoebe Rex, Calem MacDonald, Asher Grayson",[16],N/A,2023,0.0
N/A,Teen Wolf: The Movie,N/A,N/A,Table 2,J A N U A R Y,26.0,Paramount+ / MTV Entertainment Studios,"Russell Mulcahy (director); Jeff Davis (screenplay); Tyler Posey, Crystal Reed, Tyler Hoechlin, Holland Roden, Colton Haynes, Shelley Hennig, Dylan Sprayberry, Linden Ashby, Melissa Ponzio, JR Bourne",[17],N/A,2023,0.0
N/A,You People,N/A,N/A,Table 2,J A N U A R Y,27.0,Netflix,"Kenya Barris (director/screenplay); Jonah Hill (screenplay); Jonah Hill, Lauren London, David Duchovny, Nia Long, Julia Louis-Dreyfus, Eddie Murphy",[18],N/A,2023,0.0
N/A,Shotgun Wedding,N/A,N/A,Table 2,J A N U A R Y,27.0,Amazon Studios / Lionsgate / Mandeville Films,"Jason Moore (director); Mark Hammer (screenplay); Jennifer Lopez, Josh Duhamel, Sônia Braga, Jennifer Coolidge, Lenny Kravitz, Cheech Marin",[19],N/A,2023,0.0
N/A,Maybe I Do,N/A,N/A,Table 2,J A N U A R Y,27.0,Vertical Entertainment / Fifth Season,"Michael Jacobs (director/screenplay); Diane Keaton, Richard Gere, Susan Sarandon, Emma Roberts, Luke Bracey, William H. Macy",[20],N/A,2023,0.0
N/A,Life Upside Down,N/A,N/A,Table 2,J A N U A R Y,27.0,IFC Films,"Cecilia Miniucchi (director/screenplay); Danny Huston, Radha Mitchell, Bob Odenkirk",[21],N/A,2023,0.0
N/A,Fear,N/A,N/A,Table 2,J A N U A R Y,27.0,Hidden Empire Releasing,"Deon Taylor (director/screenplay); John Ferry (screenplay); Joseph Sikora, King Bach, Annie Ilonzeh, Iddo Goldberg, Ruby Modine",[22],N/A,2023,0.0
N/A,Knock at the Cabin,N/A,N/A,Table 2,F E B R U A R Y,3.0,Universal Pictures / Blinding Edge Pictures / FilmNation Entertainment,"M. Night Shyamalan (director/screenplay); Steve Desmond, Michael Sherman (screenplay); Dave Bautista, Jonathan Groff, Ben Aldridge, Nikki Amuka-Bird, Kristen Cui, Abby Quinn, Rupert Grint",[23],N/A,2023,0.0
N/A,80 for Brady,N/A,N/A,Table 2,F E B R U A R Y,3.0,Paramount Pictures / Fifth Season,"Kyle Marvin (director/screenplay); Emily Halpern, Sarah Haskins, Michael Covino (screenplay); Lily Tomlin, Jane Fonda, Rita Moreno, Sally Field, Tom Brady",[24],N/A,2023,0.0
N/A,The Locksmith,N/A,N/A,Table 2,F E B R U A R Y,3.0,Screen Media Films,"Nicolas Harvard (director); John Glosser, Joe Russo, Chris LaMont, Ben Kabialis (screenplay); Ryan Phillippe, Kate Bosworth, Ving Rhames",[25],N/A,2023,0.0
N/A,Baby Ruby,N/A,N/A,Table 2,F E B R U A R Y,3.0,Magnet Releasing / FilmNation Entertainment,"Bess Wohl (director/screenplay); Noémie Merlant, Kit Harington, Meredith Hagner",[26],N/A,2023,0.0
N/A,Freedom's Path,N/A,N/A,Table 2,F E B R U A R Y,3.0,Xenon Pictures,"Brett Smith (director/screenplay); Gerran Howell, RJ Cyler, Ewen Bremner, Harrison Gilbertson",[27],N/A,2023,0.0
N/A,The Wedding Hustler,N/A,N/A,Table 2,F E B R U A R Y,7.0,Matthew 25:14 / 1091 Pictures,"Chris Soriano (director/screenplay); Chris Soriano, Christine S. Chang, Hillary Soriano, Heart Evangelista, Kane Lim",[28],N/A,2023,0.0
N/A,Magic Mike's Last Dance,N/A,N/A,Table 2,F E B R U A R Y,10.0,Warner Bros. Pictures,"Steven Soderbergh (director); Reid Carolin (screenplay); Channing Tatum, Salma Hayek Pinault",[29],N/A,2023,0.0
N/A,Sharper,N/A,N/A,Table 2,F E B R U A R Y,10.0,Apple TV+ / A24 / IAC Films,"Benjamin Caron (director); Brian Gatewood, Alessandro Takara (screenplay); Julianne Moore, Sebastian Stan, Justice Smith, Briana Middleton, John Lithgow",[30],N/A,2023,0.0
N/A,Your Place or Mine,N/A,N/A,Table 2,F E B R U A R Y,10.0,Netflix / Aggregate Films / Hello Sunshine,"Aline Brosh McKenna (director/screenplay); Reese Witherspoon, Ashton Kutcher, Jesse Williams, Tig Notaro, Zoë Chao, Steve Zahn",[31],N/A,2023,0.0
N/A,Somebody I Used to Know,N/A,N/A,Table 2,F E B R U A R Y,10.0,Amazon Studios / Black Bear Pictures / Temple Hill Entertainment,"Dave Franco (director/screenplay); Alison Brie (screenplay); Alison Brie, Jay Ellis, Kiersey Clemons, Julie Hagerty, Haley Joel Osment, Amy Sedaris",[32],N/A,2023,0.0
N/A,Consecration,N/A,N/A,Table 2,F E B R U A R Y,10.0,IFC Films / AGC Studios,"Christopher Smith (director/screenplay); Laurie Cook (screenplay); Jena Malone, Danny Huston, Janet Suzman",[33],N/A,2023,0.0
N/A,The Outwaters,N/A,N/A,Table 2,F E B R U A R Y,10.0,Cinedigm / Bloody Disgusting,"Robbie Banfitch (director/screenplay); Robbie Banfitch, Angela Basolis, Scott Schamell, Michelle May",[34],N/A,2023,0.0
N/A,Ant-Man and the Wasp: Quantumania,N/A,N/A,Table 2,F E B R U A R Y,17.0,Marvel Studios,"Peyton Reed (director); Jeff Loveness (screenplay); Paul Rudd, Evangeline Lilly, Jonathan Majors, Kathryn Newton, David Dastmalchian, Katy O'Brian, William Jackson Harper, Bill Murray, Michelle Pfeiffer, Corey Stoll, Michael Douglas",[35],N/A,2023,0.0
N/A,Cocaine Bear,N/A,N/A,Table 2,F E B R U A R Y,24.0,Universal Pictures / Lord Miller Productions / Brownstone Productions,"Elizabeth Banks (director); Jimmy Warren (screenplay); Keri Russell, O'Shea Jackson Jr., Christian Convery, Alden Ehrenreich, Brooklynn Prince, Isiah Whitlock Jr., Margo Martindale, Ray Liotta",[36],N/A,2023,0.0
N/A,Jesus Revolution,N/A,N/A,Table 2,F E B R U A R Y,24.0,Lionsgate / Kingdom Story Company,"Jon Erwin, Brent McCorkle (director/screenplay); Joel Courtney, Anna Grace Barlow, Jonathan Roumie, Kimberly Williams-Paisley, Kelsey Grammer",[37],N/A,2023,0.0
N/A,Luther: The Fallen Sun,N/A,N/A,Table 2,F E B R U A R Y,24.0,Netflix / BBC Film / Chernin Entertainment,"Jamie Payne (director); Neil Cross (screenplay); Idris Elba, Cynthia Erivo, Andy Serkis, Dermot Crowley",[38],N/A,2023,0.0
N/A,We Have a Ghost,N/A,N/A,Table 2,F E B R U A R Y,24.0,Netflix / Legendary Entertainment / Temple Hill Entertainment,"Christopher Landon (director/screenplay); David Harbour, Anthony Mackie, Jahi Di'Allo Winston, Tig Notaro, Erica Ash, Jennifer Coolidge",[39],N/A,2023,0.0
N/A,Bruiser,N/A,N/A,Table 2,F E B R U A R Y,24.0,Hulu / Onyx Collective,"Miles Warren (director/screenplay); Ben Medina (screenplay); Trevante Rhodes, Jalyn Hall, Shinelle Azoroh, Shamier Anderson",[40],N/A,2023,0.0
N/A,Linoleum,N/A,N/A,Table 2,F E B R U A R Y,24.0,Shout! Studios,"Colin West (director/screenplay); Jim Gaffigan, Rhea Seehorn, Katelyn Nacon, Gabriel Rush, Michael Ian Black, Tony Shalhoub",[41],N/A,2023,0.0
N/A,God's Time,N/A,N/A,Table 2,F E B R U A R Y,24.0,IFC Films,"Daniel Antebi (director/screenplay); Ben Groh, Dion Costelloe, Liz Caribel Sierra",[42],N/A,2023,0.0
N/A,Creed III,N/A,N/A,Table 2,M A R C H,3.0,Metro-Goldwyn-Mayer,"Michael B. Jordan (director); Keenan Coogler, Zach Baylin (screenplay); Michael B. Jordan, Tessa Thompson, Jonathan Majors, Wood Harris, Mila Davis-Kent, Florian Munteanu, Phylicia Rashad",[43],N/A,2023,0.0
N/A,Operation Fortune: Ruse de Guerre,N/A,N/A,Table 2,M A R C H,3.0,Lionsgate / STXfilms / Miramax,"Guy Ritchie (director/screenplay); Ivan Atkinson, Marn Davies (screenplay); Jason Statham, Aubrey Plaza, Josh Hartnett, Cary Elwes, Bugzy Malone, Hugh Grant",[44],N/A,2023,0.0
N/A,A Little White Lie,N/A,N/A,Table 2,M A R C H,3.0,Saban Films,"Michael Maren (director/screenplay); Michael Shannon, Kate Hudson, Don Johnson, Zach Braff",[45],N/A,2023,0.0
N/A,Children of the Corn,N/A,N/A,Table 2,M A R C H,3.0,RLJE Films / Shudder,"Kurt Wimmer (director/screenplay); Elena Kampouris, Kate Moyer, Callan Mulvey, Bruce Spence",[46],N/A,2023,0.0
N/A,Palm Trees and Power Lines,N/A,N/A,Table 2,M A R C H,3.0,Momentum Pictures,"Jamie Dack (director/screenplay); Audrey Findlay (screenplay); Lily McInerny, Jonathan Tucker, Gretchen Mol",[47],N/A,2023,0.0
N/A,The Year Between,N/A,N/A,Table 2,M A R C H,3.0,Gravitas Ventures,"Alex Heller (director/screenplay); Alex Heller, J. Smith-Cameron, Steve Buscemi, Wyatt Oleff, Emily Robinson",[48],N/A,2023,0.0
N/A,Unseen,N/A,N/A,Table 2,M A R C H,7.0,Paramount Pictures / Blumhouse Productions,"Yoko Okumura (director); Salvatore Cardoni, Brian Rawlins (screenplay); Midori Francis, Jolene Purdy, Missi Pyle",[49],N/A,2023,0.0
N/A,Craving,N/A,N/A,Table 2,M A R C H,8.0,Indie Rights,"J. Horton (director/screenplay); Gregory Blair (screenplay); Rachel Amanda Bryant, Al Gomez, Gregory Blair, Ashley Undercuffler, Kevin Caliber, Holly Rockwell, Xavier Roe, Sage Mayer, Felissa Rose",[50],N/A,2023,0.0
N/A,Scream VI,N/A,N/A,Table 2,M A R C H,10.0,Paramount Pictures / Spyglass Media Group / Radio Silence Productions,"Matt Bettinelli-Olpin, Tyler Gillett (directors); James Vanderbilt, Guy Busick (screenplay); Melissa Barrera, Jasmin Savoy Brown, Jack Champion, Henry Czerny, Mason Gooding, Dermot Mulroney, Jenna Ortega, Tony Revolori, Josh Segarra, Samara Weaving, Hayden Panettiere, Courteney Cox",[51],N/A,2023,0.0
N/A,65,N/A,N/A,Table 2,M A R C H,10.0,Columbia Pictures / Bron Creative,"Scott Beck, Bryan Woods (director/screenplay); Adam Driver, Ariana Greenblatt, Chloe Coleman, Nika King",[52],N/A,2023,0.0
N/A,Champions,N/A,N/A,Table 2,M A R C H,10.0,Focus Features / Gold Circle Entertainment,"Bobby Farrelly (director); Marc Rizzo (screenplay); Woody Harrelson, Kaitlin Olson, Ernie Hudson, Cheech Marin",[53],N/A,2023,0.0
N/A,Chang Can Dunk,N/A,N/A,Table 2,M A R C H,10.0,Disney+ / Walt Disney Pictures,"Jingyi Shao (director/screenplay); Bloom Li, Ben Wang, Dexter Darden",[54],N/A,2023,0.0
N/A,Southern Gospel,N/A,N/A,Table 2,M A R C H,10.0,Sunbreak Studios / Bridgestone Multimedia,"Jeffrey A. Smith (director/screenplay); Max Ehrich, Katelyn Nacon, J. Alphonse Nicholson, Emma Myers",[55],N/A,2023,0.0
N/A,Shazam! Fury of the Gods,N/A,N/A,Table 2,M A R C H,17.0,Warner Bros. Pictures / New Line Cinema / DC Studios,"David F. Sandberg (director); Henry Gayden, Chris Morgan (screenplay); Zachary Levi, Asher Angel, Jack Dylan Grazer, Rachel Zegler, Adam Brody, Ross Butler, D. J. Cotrona, Grace Caroline Currey, Meagan Good, Lucy Liu, Djimon Hounsou, Helen Mirren",[56],N/A,2023,0.0
N/A,Boston Strangler,N/A,N/A,Table 2,M A R C H,17.0,Hulu / 20th Century Studios / Scott Free Productions / LuckyChap Entertainment,"Matt Ruskin (director/screenplay); Keira Knightley, Carrie Coon, Alessandro Nivola, David Dastmalchian, Morgan Spector, Chris Cooper",[57],N/A,2023,0.0
N/A,The Magician's Elephant,N/A,N/A,Table 2,M A R C H,17.0,Netflix / Netflix Animation / Animal Logic,"Wendy Rogers (director); Martin Hynes (screenplay); Noah Jupe, Benedict Wong, Sian Clifford, Pixie Davies, Natasia Demetriou, Dawn French, Brian Tyree Henry, Aasif Mandvi, Mandy Patinkin, Miranda Richardson, Cree Summer, Lorraine Toussaint",[39],N/A,2023,0.0
N/A,Moving On,N/A,N/A,Table 2,M A R C H,17.0,Roadside Attractions,"Paul Weitz (director/screenplay); Jane Fonda, Lily Tomlin, Malcolm McDowell, Sarah Burns, Richard Roundtree",[58],N/A,2023,0.0
N/A,Wildflower,N/A,N/A,Table 2,M A R C H,17.0,Momentum Pictures / Entertainment One,"Matt Smukler (director); Jana Savage (screenplay); Kiernan Shipka, Dash Mihok, Charlie Plummer, Alexandra Daddario, Reid Scott, Erika Alexander, Samantha Hyde, Jacki Weaver",[59],N/A,2023,0.0
N/A,Supercell,N/A,N/A,Table 2,M A R C H,17.0,Saban Films,"Herbert James Winterstern (director/screenplay); Anna Elizabeth James (screenplay); Skeet Ulrich, Anne Heche, Daniel Diemer, Jordan Kristine Seamón, Alec Baldwin",[60],N/A,2023,0.0
N/A,Pinball: The Man Who Saved the Game,N/A,N/A,Table 2,M A R C H,17.0,Vertical Entertainment,"The Bragg Brothers (directors/screenplay); Mike Faist, Crystal Reed, Dennis Boutsikaris",[61],N/A,2023,0.0
N/A,John Wick: Chapter 4,N/A,N/A,Table 2,M A R C H,24.0,Lionsgate / Summit Entertainment / Thunder Road Films / 87North Productions,"Chad Stahelski (director); Shay Hatten, Michael Finch (screenplay); Keanu Reeves, Donnie Yen, Bill Skarsgård, Laurence Fishburne, Hiroyuki Sanada, Shamier Anderson, Lance Reddick, Rina Sawayama, Scott Adkins, Clancy Brown, Ian McShane",[62],N/A,2023,0.0
N/A,A Good Person,N/A,N/A,Table 2,M A R C H,24.0,Metro-Goldwyn-Mayer / Killer Films / Elevation Pictures,"Zach Braff (director/screenplay); Florence Pugh, Molly Shannon, Chinaza Uche, Celeste O'Connor, Morgan Freeman",[52],N/A,2023,0.0
N/A,The Tutor,N/A,N/A,Table 2,M A R C H,24.0,Vertical Entertainment,"Jordan Ross (director); Ryan King (screenplay); Garrett Hedlund, Noah Schnapp, Victoria Justice",[63],N/A,2023,0.0
N/A,Last Sentinel,N/A,N/A,Table 2,M A R C H,24.0,Vertical Entertainment,"Tanel Toom (director); Malachi Smith (screenplay); Kate Bosworth, Thomas Kretschmann, Lucien Laviscount, Martin McCann",[64],N/A,2023,0.0
N/A,Adalynn,N/A,N/A,Table 2,M A R C H,28.0,Summer Hill Films,"Jacob Byrd (director); Jerrod D. Brito (screenplay); Sydney Carvill, Wade Baker Janet Carter, Rob Shuster, Suzana Norberg",[65],N/A,2023,0.0
N/A,Dungeons & Dragons: Honor Among Thieves,N/A,N/A,Table 2,M A R C H,31.0,Paramount Pictures / Entertainment One / Hasbro Studios,"John Francis Daley, Jonathan Goldstein (directors/screenplay); Michael Gilio (screenplay); Chris Pine, Michelle Rodriguez, Regé-Jean Page, Justice Smith, Sophia Lillis, Hugh Grant",[51],N/A,2023,0.0
N/A,Murder Mystery 2,N/A,N/A,Table 2,M A R C H,31.0,Netflix / Happy Madison Productions / Echo Films,"Jeremy Garelick (director); James Vanderbilt (screenplay); Adam Sandler, Jennifer Aniston, Mélanie Laurent, Jodie Turner-Smith, Annie Mumolo, Tony Goldwyn, Mark Strong",[66],N/A,2023,0.0
N/A,Tetris,N/A,N/A,Table 2,M A R C H,31.0,Apple TV+ / Marv Studios / AI Film,"Jon S. Baird (director); Noah Pink (screenplay); Taron Egerton, Nikita Efremov, Sofia Lebedeva, Anthony Boyle, Toby Jones, Roger Allam",[67],N/A,2023,0.0
N/A,Spinning Gold,N/A,N/A,Table 2,M A R C H,31.0,Variance Films,"Timothy Scott Bogart (director/screenplay); Jeremy Jordan, Wiz Khalifa, Jason Isaacs, Jason Derulo, Jay Pharoah, Michelle Monaghan, Dan Fogler, Sebastian Maniscalco",[51],N/A,2023,0.0
N/A,Space Oddity,N/A,N/A,Table 2,M A R C H,31.0,Samuel Goldwyn Films,"Kyra Sedgwick (director); Rebecca Banner (screenplay); Kyle Allen, Alexandra Shipp, Madeline Brewer, Kevin Bacon, Simon Helberg, Carrie Preston, Arden Myrin",[68],N/A,2023,0.0
N/A,A Thousand and One,N/A,N/A,Table 2,M A R C H,31.0,Focus Features,"A.V. Rockwell (director/screenplay); Teyana Taylor, Will Catlett, Josiah Cross, Aven Courtney, Aaron Kingsley Adetola",[52],N/A,2023,0.0
N/A,Assassin,N/A,N/A,Table 2,M A R C H,31.0,Saban Films,"Jesse Atlas (director/screenplay); Aaron Wolfe (screenplay); Nomzamo Mbatha, Dominic Purcell, Bruce Willis",[69],N/A,2023,0.0
N/A,Acidman,N/A,N/A,Table 2,M A R C H,31.0,Brainstorm Media,"Alex Lehmann (director/screenplay); Chris Dowling (screenplay); Thomas Haden Church, Dianna Agron",[70],N/A,2023,0.0
N/A,Malum,N/A,N/A,Table 2,M A R C H,31.0,Welcome Villain Films,"Anthony DiBlasi (director/screenplay); Scott Poiley (screenplay); Jessica Sula, Candice Coke, Chaney Morrow, Clarke Wolfe, Morgan Lennon",[71],N/A,2023,0.0
N/A,Miracle at Manchester,N/A,N/A,Table 3,A P R I L,4.0,Bridgestone Media / JC Films,"Eddie McClintock (director); Jason Campbell (screenplay); Eddie McClintock, Dean Cain, Daniel Roebuck",[72],N/A,2023,0.0
N/A,The Super Mario Bros. Movie,N/A,N/A,Table 3,A P R I L,5.0,Universal Pictures / Illumination / Nintendo,"Aaron Horvath, Michael Jelenic (directors); Matthew Fogel (screenplay); Chris Pratt, Anya Taylor-Joy, Charlie Day, Jack Black, Keegan-Michael Key, Seth Rogen, Fred Armisen, Sebastian Maniscalco, Charles Martinet, Kevin Michael Richardson",[73],N/A,2023,0.0
N/A,Air,N/A,N/A,Table 3,A P R I L,5.0,Amazon Studios / Skydance Media / Mandalay Pictures,"Ben Affleck (director); Alex Convery (screenplay); Matt Damon, Ben Affleck, Jason Bateman, Marlon Wayans, Chris Messina, Chris Tucker, Viola Davis",[74],N/A,2023,0.0
N/A,Praise This,N/A,N/A,Table 3,A P R I L,7.0,Peacock / Universal Pictures / Will Packer Productions,"Tina Gordon Chism (director/screenplay); Camilla Blackett, Brandon Broussard, Hudson Obayuwana, Jana Savege (screenplay); Chloe Bailey, Anjelika Washington, Philip Fornah, Quavo, Tristan Wilds, Jekalyn Carr, Koryn Hawthorne, Druski",[75],N/A,2023,0.0
N/A,Showing Up,N/A,N/A,Table 3,A P R I L,7.0,A24,"Kelly Reichardt (director/screenplay); Jonathan Raymond (screenplay); Michelle Williams, Hong Chau, Maryann Plunkett, John Magaro, André Benjamin, James LeGros, Judd Hirsch",[76],N/A,2023,0.0
N/A,Paint,N/A,N/A,Table 3,A P R I L,7.0,IFC Films,"Brit McAdams (director/screenplay); Owen Wilson, Michaela Watkins, Wendi McLendon-Covey, Ciara Renée, Lucy Freyer, Lusia Strus, Stephen Root",[77],N/A,2023,0.0
N/A,On a Wing and a Prayer,N/A,N/A,Table 3,A P R I L,7.0,Amazon Studios / Metro-Goldwyn-Mayer / LightWorkers Media,"Sean McNamara (director); Brian Egeston (screenplay); Dennis Quaid, Heather Graham, Jesse Metcalfe",[78],N/A,2023,0.0
N/A,Chupa,N/A,N/A,Table 3,A P R I L,7.0,Netflix,"Jonás Cuarón (director); Marcus Rinehart, Sean Kennedy Moore, Joe Barnathan (screenplay); Demián Bichir, Christian Slater, Evan Whitten",[79],N/A,2023,0.0
N/A,How to Blow Up a Pipeline,N/A,N/A,Table 3,A P R I L,7.0,Neon / Lyrical Media,"Daniel Goldhaber (director/screenplay); Ariela Barer, Jordan Sjol (screenplay); Ariela Barer, Kristine Froseth, Lukas Gage, Forrest Goodluck, Sasha Lane, Jayme Lawson, Marcus Scribner, Jake Weary, Irene Bedard",[80],N/A,2023,0.0
N/A,One True Loves,N/A,N/A,Table 3,A P R I L,7.0,The Avenue / BuzzFeed Studios,"Andy Fickman (director); Taylor Jenkins Reid, Alex Jenkins Reid (screenplay); Phillipa Soo, Simu Liu, Luke Bracey",[81],N/A,2023,0.0
N/A,Beautiful Disaster,N/A,N/A,Table 3,A P R I L,12.0,Voltage Pictures,"Roger Kumble (director/screenplay); Jamie McGuire (screenplay); Dylan Sprouse, Virginia Gardner, Austin North, Libe Barer, Brian Austin Green, Rob Estes",[82],N/A,2023,0.0
N/A,Renfield,N/A,N/A,Table 3,A P R I L,14.0,Universal Pictures / Skybound Entertainment,"Chris McKay (director); Ryan Ridley (screenplay); Nicholas Hoult, Nicolas Cage, Awkwafina, Ben Schwartz, Adrian Martinez, Shohreh Aghdashloo",[83],N/A,2023,0.0
N/A,Beau Is Afraid,N/A,N/A,Table 3,A P R I L,14.0,A24 / Square Peg,"Ari Aster (director/screenplay); Joaquin Phoenix, Patti LuPone, Nathan Lane, Amy Ryan, Parker Posey, Kylie Rogers, Denis Ménochet, Zoe Lister-Jones, Armen Nahapetian, Stephen McKinley Henderson, Richard Kind",[84],N/A,2023,0.0
N/A,The Pope's Exorcist,N/A,N/A,Table 3,A P R I L,14.0,Screen Gems,"Julius Avery (director); Michael Petroni, Evan Spiliotopoulos (screenplay); Russell Crowe, Alex Essoe, Daniel Zovatto, Franco Nero, Ralph Ineson",[85],N/A,2023,0.0
N/A,Mafia Mamma,N/A,N/A,Table 3,A P R I L,14.0,Bleecker Street / Ingenious Media,"Catherine Hardwicke (director); Michael J. Feldman, Debbie Jhoon (screenplay); Toni Collette, Monica Bellucci, Sophia Nomvete",[86],N/A,2023,0.0
N/A,Sweetwater,N/A,N/A,Table 3,A P R I L,14.0,Briarcliff Entertainment,"Martin Guigui (director/screenplay); Everett Osborne, Cary Elwes, Jeremy Piven, Richard Dreyfuss, Kevin Pollak",[87],N/A,2023,0.0
N/A,Nefarious,N/A,N/A,Table 3,A P R I L,14.0,Soli Deo Gloria Releasing,"Chuck Konzelman and Cary Solomon (director/screenplay); Sean Patrick Flanery, Jordan Belfi",[88],N/A,2023,0.0
N/A,Rare Objects,N/A,N/A,Table 3,A P R I L,14.0,IFC Films,"Katie Holmes (director/screenplay); Phaedon A. Papadopoulos (screenplay); Julie Mayorga, Katie Holmes, Derek Luke, Alan Cumming",[89],N/A,2023,0.0
N/A,Quasi,N/A,N/A,Table 3,A P R I L,20.0,Hulu / Searchlight Pictures / Broken Lizard Productions,"Kevin Heffernan (director/screenplay); Jay Chandrasekhar, Steve Lemme, Paul Soter, Erik Stolhanske (screenplay); Jay Chandrasekhar, Kevin Heffernan, Steve Lemme, Paul Soter, Erik Stolhanske, Adrianne Palicki",[90],N/A,2023,0.0
N/A,Evil Dead Rise,N/A,N/A,Table 3,A P R I L,21.0,Warner Bros. Pictures / New Line Cinema / Ghost House Pictures,"Lee Cronin (director/screenplay); Lily Sullivan, Alyssa Sutherland, Morgan Davies, Gabrielle Echols, Nell Fisher",[56],N/A,2023,0.0
N/A,Guy Ritchie's The Covenant,N/A,N/A,Table 3,A P R I L,21.0,Metro-Goldwyn-Mayer / STXfilms,"Guy Ritchie (director/screenplay); Ivan Atkinson, Marn Davies (screenplay); Jake Gyllenhaal, Dar Salim, Antony Starr, Alexander Ludwig, Bobby Schofield, Emily Beecham, Jonny Lee Miller",[91],N/A,2023,0.0
N/A,Ghosted,N/A,N/A,Table 3,A P R I L,21.0,Apple TV+ / Skydance Media,"Dexter Fletcher (director); Rhett Reese, Paul Wernick, Chris McKenna, Erik Sommers (screenplay); Chris Evans, Ana de Armas, Adrien Brody, Mike Moh, Amy Sedaris, Tate Donovan, Tim Blake Nelson, Marwan Kenzari, Anna Deavere Smith",[92],N/A,2023,0.0
N/A,Chevalier,N/A,N/A,Table 3,A P R I L,21.0,Searchlight Pictures / Element Pictures,"Stephen Williams (director); Stefani Robinson (screenplay); Kelvin Harrison Jr., Samara Weaving, Lucy Boynton, Marton Csokas, Alex Fitzalan, Minnie Driver",[93],N/A,2023,0.0
N/A,Somewhere in Queens,N/A,N/A,Table 3,A P R I L,21.0,Roadside Attractions / Lionsgate,"Ray Romano (director/screenplay); Mark Stegemann (screenplay); Ray Romano, Laurie Metcalf, Jacob Ward, Sadie Stanley, Jennifer Esposito, Dierdre Friel, Jon Manfrellotti, Sebastian Maniscalco, Tony Lo Bianco",[94],N/A,2023,0.0
N/A,Carmen,N/A,N/A,Table 3,A P R I L,21.0,Sony Pictures Classics / Goalpost Pictures,"Benjamin Millepied (director/screenplay); Alexander Dinelaris Jr., Loïc Barrère (screenplay); Melissa Barrera, Paul Mescal, Rossy de Palma, Tracy ""The DOC"" Curry",[95],N/A,2023,0.0
N/A,A Tourist's Guide to Love,N/A,N/A,Table 3,A P R I L,21.0,Netflix,"Steven K. Tsuchida (director); Eirene Donohue (screenplay); Rachael Leigh Cook, Scott Ly, Missi Pyle, Ben Feldman, Nondumiso Tembe, Andrew Barth Feldman",[96],N/A,2023,0.0
N/A,The Artifice Girl,N/A,N/A,Table 3,A P R I L,27.0,XYZ Films,"Franklin Ritch (director/screenplay); Lance Henriksen, Sinda Nichols, David Girard, Franklin Ritch, Tatum Matthews",[97],N/A,2023,0.0
N/A,Peter Pan & Wendy,N/A,N/A,Table 3,A P R I L,28.0,Disney+ / Walt Disney Pictures / Roth/Kirschenbaum Films,"David Lowery (director/screenplay); Toby Halbrooks (screenplay); Jude Law, Alexander Molony, Ever Anderson, Yara Shahidi, Alyssa Wapanatâhk, Joshua Pickering, Jacobi Jupe, Molly Parker, Alan Tudyk, Jim Gaffigan",[98],N/A,2023,0.0
N/A,"Are You There God? It's Me, Margaret.",N/A,N/A,Table 3,A P R I L,28.0,Lionsgate / Gracie Films,"Kelly Fremon Craig (director/screenplay); Rachel McAdams, Abby Ryder Fortson, Elle Graham, Benny Safdie, Kathy Bates",[37],N/A,2023,0.0
N/A,Big George Foreman,N/A,N/A,Table 3,A P R I L,28.0,Affirm Films / Mandalay Pictures,"George Tillman Jr. (director/screenplay); Frank Baldwin (screenplay); Khris Davis, Jasmine Mathews, John Magaro, Sullivan Jones, Lawrence Gilliard Jr., Sonja Sohn, Forest Whitaker",[52],N/A,2023,0.0
N/A,Sisu,N/A,N/A,Table 3,A P R I L,28.0,Lionsgate / Stage 6 Films,"Jalmari Helander (director/screenplay); Jorma Tommila, Aksel Hennie, Jack Doolan, Mimosa Willamo, Onni Tommila",[99],N/A,2023,0.0
N/A,Clock,N/A,N/A,Table 3,A P R I L,28.0,Hulu / 20th Digital Studio,"Alexis Jacknow (director/screenplay); Dianna Agron, Jay Ali, Melora Hardin, Saul Rubinek",[100],N/A,2023,0.0
N/A,Guardians of the Galaxy Vol. 3,N/A,N/A,Table 3,M A Y,5.0,Marvel Studios,"James Gunn (director/screenplay); Chris Pratt, Zoe Saldaña, Dave Bautista, Karen Gillan, Pom Klementieff, Vin Diesel, Bradley Cooper, Sean Gunn, Chukwudi Iwuji, Will Poulter, Linda Cardellini, Nathan Fillion, Elizabeth Debicki, Maria Bakalova, Sylvester Stallone",[101],N/A,2023,0.0
N/A,Love Again,N/A,N/A,Table 3,M A Y,5.0,Screen Gems / Thunder Road Films,"James C. Strouse (director/screenplay); Priyanka Chopra, Sam Heughan, Russell Tovey, Omid Djalili, Celia Imrie, Celine Dion",[102],N/A,2023,0.0
N/A,One Ranger,N/A,N/A,Table 3,M A Y,5.0,Lionsgate,"Jesse V. Johnson (director/screenplay); Thomas Jane, John Malkovich, Dominique Tipper, Dean Jagger",[103],N/A,2023,0.0
N/A,Book Club: The Next Chapter,N/A,N/A,Table 3,M A Y,12.0,Focus Features / Fifth Season,"Bill Holderman (director/screenplay); Erin Simms (screenplay); Diane Keaton, Jane Fonda, Candice Bergen, Mary Steenburgen, Craig T. Nelson, Giancarlo Giannini, Andy García, Don Johnson",[104],N/A,2023,0.0
N/A,Knights of the Zodiac,N/A,N/A,Table 3,M A Y,12.0,Stage 6 Films / Toei Animation,"Tomasz Bagiński (director); Josh Campbell, Matt Stuecken, Kiel Murray (screenplay); Mackenyu, Famke Janssen, Madison Iseman, Diego Tinoco, Mark Dacascos, Nick Stahl, Sean Bean",[105],N/A,2023,0.0
N/A,Hypnotic,N/A,N/A,Table 3,M A Y,12.0,Ketchup Entertainment / Solstice Studios / Ingenious Media,"Robert Rodriguez (director/screenplay); Max Borenstein (screenplay); Ben Affleck, Alice Braga, William Fichtner, J. D. Pardo, Hala Finley, Dayo Okeniyi, Jeff Fahey, Jackie Earle Haley",[106],N/A,2023,0.0
N/A,Fool's Paradise,N/A,N/A,Table 3,M A Y,12.0,Roadside Attractions / Lionsgate,"Charlie Day (director/screenplay); Charlie Day, Ken Jeong, Kate Beckinsale, Adrien Brody, Jason Sudeikis, Edie Falco, Jason Bateman, Common, Ray Liotta, John Malkovich",[107],N/A,2023,0.0
N/A,Rally Road Racers,N/A,N/A,Table 3,M A Y,12.0,Kintop Pictures / Lipsync Post / REP Productions 6 Ltd. / Riverstone Pictures / Vanguard Animation / Virtuso Productions,"Ross Venokur (director/screenplay); Jimmy O. Yang, J. K. Simmons, Chloe Bennet, Lisa Lu, Sharon Horgan, Catherine Tate, John Cleese",[108],N/A,2023,0.0
N/A,The Mother,N/A,N/A,Table 3,M A Y,12.0,Netflix / Nuyorican Productions / Vertigo Entertainment,"Niki Caro (director); Misha Green, Andrea Berloff, Peter Craig (screenplay); Jennifer Lopez, Joseph Fiennes, Lucy Paez, Omari Hardwick, Paul Raci, Gael García Bernal",[109],N/A,2023,0.0
N/A,Crater,N/A,N/A,Table 3,M A Y,12.0,Disney+ / Walt Disney Pictures / 21 Laps Entertainment,"Kyle Patrick Alvarez (director); John Griffin (screenplay); Isaiah Russell-Bailey, Mckenna Grace, Billy Barratt, Scott Mescudi",[110],N/A,2023,0.0
N/A,Mercy,N/A,N/A,Table 3,M A Y,12.0,Paramount Global Content Distribution,"Tony Dean Smith (director); Alex Wright (screenplay); Jonathan Rhys Meyers, Jon Voight, Leah Gibson",[111],N/A,2023,0.0
N/A,Monica,N/A,N/A,Table 3,M A Y,12.0,IFC Films / Rai Cinema,"Andrea Pallaoro (director/screenplay); Orlando Tirado (screenplay); Trace Lysette, Patricia Clarkson, Emily Browning, Joshua Close, Adriana Barraza",[112],N/A,2023,0.0
N/A,The Starling Girl,N/A,N/A,Table 3,M A Y,12.0,Bleecker Street / 2AM,"Laurel Parmet (director/screenplay); Eliza Scanlen, Lewis Pullman, Wrenn Schmidt, Austin Abrams, Kyle Secor, Jimmi Simpson",[113],N/A,2023,0.0
N/A,Fast X,N/A,N/A,Table 3,M A Y,19.0,Universal Pictures / Original Film / One Race Films / Roth/Kirschenbaum Films,"Louis Leterrier (director); Justin Lin, Zach Dean, Dan Mazeau (screenplay); Vin Diesel, Michelle Rodriguez, Tyrese Gibson, Ludacris, John Cena, Nathalie Emmanuel, Jordana Brewster, Sung Kang, Scott Eastwood, Daniela Melchior, Alan Ritchson, Helen Mirren, Brie Larson, Rita Moreno, Jason Statham, Jason Momoa, Charlize Theron",[114],N/A,2023,0.0
N/A,White Men Can't Jump,N/A,N/A,Table 3,M A Y,19.0,Hulu / 20th Century Studios,"Calmatic (director); Kenya Barris, Doug Hall (screenplay); Sinqua Walls, Jack Harlow, Teyana Taylor, Laura Harrier, Vince Staples, Myles Bullock, Lance Reddick",[115],N/A,2023,0.0
N/A,Master Gardener,N/A,N/A,Table 3,M A Y,19.0,Magnolia Pictures / HanWay Films,"Paul Schrader (director/screenplay); Joel Edgerton, Sigourney Weaver, Quintessa Swindell, Esai Morales",[116],N/A,2023,0.0
N/A,Sanctuary,N/A,N/A,Table 3,M A Y,19.0,Neon,"Zachary Wigon (director); Micah Bloomberg (screenplay); Margaret Qualley, Christopher Abbott",[117],N/A,2023,0.0
N/A,Robots,N/A,N/A,Table 3,M A Y,19.0,Neon,"Anthony Hines, Casper Christensen (directors/screenplay); Shailene Woodley, Jack Whitehall",[118],N/A,2023,0.0
N/A,Moon Garden,N/A,N/A,Table 3,M A Y,19.0,Oscilloscope,"Ryan Stevens Harris (director/screenplay); Augie Duke, Haven Lee Harris, Morgana Ignis, Timothy Lee DePriest",[119],N/A,2023,0.0
N/A,The Little Mermaid,N/A,N/A,Table 3,M A Y,26.0,Walt Disney Pictures,"Rob Marshall (director); David Magee (screenplay); Halle Bailey, Jonah Hauer-King, Daveed Diggs, Awkwafina, Jacob Tremblay, Noma Dumezweni, Javier Bardem, Melissa McCarthy",[120],N/A,2023,0.0
N/A,Kandahar,N/A,N/A,Table 3,M A Y,26.0,Open Road Films / Thunder Road Films,"Ric Roman Waugh (director); Mitchell LaFortune (screenplay); Gerard Butler, Navid Negahban, Ali Fazal, Bahador Foladi, Nina Toussaint-White, Vassilis Koukalani, Mark Arnold, Corey Johnson, Travis Fimmel",[121],N/A,2023,0.0
N/A,The Machine,N/A,N/A,Table 3,M A Y,26.0,Screen Gems / Legendary Pictures,"Peter Atencio (director); Kevin Biegel, Scotty Landes (screenplay); Bert Kreischer, Mark Hamill, Jimmy Tatro, Iva Babić, Stephanie Kurtzuba, Jessica Gabor",[122],N/A,2023,0.0
N/A,About My Father,N/A,N/A,Table 3,M A Y,26.0,Lionsgate,"Laura Terruso (director); Sebastian Maniscalco, Austen Earl (screenplay); Sebastian Maniscalco, Robert De Niro, Leslie Bibb, Anders Holm, David Rasche, Kim Cattrall",[123],N/A,2023,0.0
N/A,You Hurt My Feelings,N/A,N/A,Table 3,M A Y,26.0,A24 / FilmNation Entertainment / Likely Story,"Nicole Holofcener (director/screenplay); Julia Louis-Dreyfus, Tobias Menzies, Michaela Watkins, Arian Moayed, Owen Teague, Amber Tamblyn, David Cross, Jeannie Berlin",[124],N/A,2023,0.0
N/A,The Wrath of Becky,N/A,N/A,Table 3,M A Y,26.0,Quiver Distribution,"Matt Angel, Suzanne Coote (directors); Matt Angel (screenplay); Lulu Wilson, Seann William Scott",[125],N/A,2023,0.0
N/A,Reality,N/A,N/A,Table 3,M A Y,29.0,HBO Films / Cinereach / Max,"Tina Satter (director/screenplay); James Paul Dallas (screenplay); Sydney Sweeney, Marchánt Davis, Josh Hamilton",[126],N/A,2023,0.0
N/A,Spider-Man: Across the Spider-Verse,N/A,N/A,Table 3,J U N E,2.0,Columbia Pictures / Sony Pictures Animation / Marvel Entertainment / Pascal Pictures / Lord Miller Productions / Arad Productions,"Joaquim Dos Santos, Kemp Powers, Justin K. Thompson (directors); Phil Lord, Christopher Miller, David Callaham (screenplay); Shameik Moore, Hailee Steinfeld, Brian Tyree Henry, Luna Lauren Vélez, Jake Johnson, Jason Schwartzman, Issa Rae, Karan Soni, Shea Whigham, Greta Lee, Daniel Kaluuya, Mahershala Ali, Oscar Isaac",[127],N/A,2023,0.0
N/A,The Boogeyman,N/A,N/A,Table 3,J U N E,2.0,20th Century Studios / 21 Laps Entertainment,"Rob Savage (director); Scott Beck, Bryan Woods, Mark Heyman (screenplay); Sophie Thatcher, Chris Messina, Vivien Lyra Blair, Marin Ireland, Madison Hu, LisaGay Hamilton, David Dastmalchian",[128],N/A,2023,0.0
N/A,Past Lives,N/A,N/A,Table 3,J U N E,2.0,A24 / CJ ENM / Killer Films / 2AM,"Celine Song (director/screenplay); Greta Lee, Teo Yoo, John Magaro",[124],N/A,2023,0.0
N/A,Shooting Stars,N/A,N/A,Table 3,J U N E,2.0,Peacock / Universal Pictures,"Chris Robinson (director); Frank E. Flowers, Tony Rettenmaier, Juel Taylor (screenplay); Mookie Cook, Caleb McLaughlin, Algee Smith, Dermot Mulroney",[129],N/A,2023,0.0
N/A,Transformers: Rise of the Beasts,N/A,N/A,Table 3,J U N E,9.0,Paramount Pictures / Skydance Media / Hasbro Studios / New Republic Pictures / Bayhem Films / Di Bonaventura Pictures,"Steven Caple Jr. (director); Joby Harold, Darnell Metayer, Josh Peters, Erich Hoeber, Jon Hoeber (screenplay); Anthony Ramos, Dominique Fishback, Luna Lauren Vélez, Peter Cullen, Ron Perlman, Peter Dinklage, Michelle Yeoh, Pete Davidson, Liza Koshy, Michaela Jaé Rodriguez, Colman Domingo",[130],N/A,2023,0.0
N/A,Flamin' Hot,N/A,N/A,Table 3,J U N E,9.0,Hulu / Disney+ / Searchlight Pictures,"Eva Longoria (director); Lewis Colick, Linda Yvette Chávez (screenplay); Jesse Garcia, Annie Gonzalez, Dennis Haysbert, Tony Shalhoub",[131],N/A,2023,0.0
N/A,Dalíland,N/A,N/A,Table 3,J U N E,9.0,Magnolia Pictures,"Mary Harron (director); John C. Walsh (screenplay); Ben Kingsley, Barbara Sukowa, Christopher Briney, Rupert Graves, Alexander Beyer, Andreja Pejić, Suki Waterhouse, Ezra Miller",[132],N/A,2023,0.0
N/A,Jagged Mind,N/A,N/A,Table 3,J U N E,15.0,Hulu / 20th Digital Studio,"Kelley Kali (director); Allyson Morgan (screenplay); Maisie Richardson-Sellers, Shannon Woodward",[133],N/A,2023,0.0
N/A,The Flash,N/A,N/A,Table 3,J U N E,16.0,Warner Bros. Pictures / DC Studios,"Andy Muschietti (director); Christina Hodson (screenplay); Ezra Miller, Sasha Calle, Michael Shannon, Ron Livingston, Maribel Verdú, Kiersey Clemons, Antje Traue, Michael Keaton",[134],N/A,2023,0.0
N/A,Elemental,N/A,N/A,Table 3,J U N E,16.0,Walt Disney Pictures / Pixar Animation Studios,"Peter Sohn (director); John Hoberg, Kat Likkel, Brenda Hsueh (screenplay); Leah Lewis, Mamoudou Athie, Ronnie del Carmen, Shila Omni, Wendi McLendon-Covey, Catherine O'Hara",[135],N/A,2023,0.0
N/A,Asteroid City,N/A,N/A,Table 3,J U N E,16.0,Focus Features / Indian Paintbrush,"Wes Anderson (director/screenplay); Roman Coppola (screenplay); Jason Schwartzman, Scarlett Johansson, Tom Hanks, Jeffrey Wright, Tilda Swinton, Bryan Cranston, Edward Norton, Adrien Brody, Liev Schreiber, Hope Davis, Stephen Park, Rupert Friend, Maya Hawke, Steve Carell, Matt Dillon, Hong Chau, Willem Dafoe, Margot Robbie, Tony Revolori, Jake Ryan, Jeff Goldblum",[136],N/A,2023,0.0
N/A,Extraction 2,N/A,N/A,Table 3,J U N E,16.0,Netflix / AGBO,"Sam Hargrave (director); Joe Russo (screenplay); Chris Hemsworth, Golshifteh Farahani, Adam Bessa, Tornike Gogrichiani, Tinatin Dalakishvili, Daniel Bernhardt, Olga Kurylenko, Idris Elba",[109],N/A,2023,0.0
N/A,The Blackening,N/A,N/A,Table 3,J U N E,16.0,Lionsgate / MRC,"Tim Story (director); Tracy Oliver, Dewayne Perkins (screenplay); Grace Byers, Jermaine Fowler, Melvin Gregg, X Mayo, Dewayne Perkins, Antoinette Robertson, Sinqua Walls, Jay Pharoah, Yvonne Orji",[137],N/A,2023,0.0
N/A,Surrounded,N/A,N/A,Table 3,J U N E,20.0,Metro-Goldwyn-Mayer / Bron Creative / Mandalay Pictures,"Anthony Mandler (director); Andrew Pagana, Justin Thomas (screenplay); Letitia Wright, Jamie Bell, Michael K. Williams, Jeffrey Donovan, Brett Gelman, Luce Rains",[138],N/A,2023,0.0
N/A,No Hard Feelings,N/A,N/A,Table 3,J U N E,23.0,Columbia Pictures / Excellent Cadaver,"Gene Stupnitsky (director/screenplay); John Phillips (screenplay); Jennifer Lawrence, Andrew Barth Feldman, Laura Benanti, Natalie Morales, Matthew Broderick",[139],N/A,2023,0.0
N/A,The Perfect Find,N/A,N/A,Table 3,J U N E,23.0,Netflix / AGC Studios,"Numa Perrier (director); Leigh Davenport (screenplay); Gabrielle Union, Keith Powers, Aisha Hinds, D. B. Woodside, La La Anthony, Gina Torres",[140],N/A,2023,0.0
N/A,World's Best,N/A,N/A,Table 3,J U N E,23.0,Disney+ / Walt Disney Pictures,"Roshan Sethi (director); Utkarsh Ambudkar, Jamie King (screenplay); Utkarsh Ambudkar, Manny Magnus, Punam Patel",[141],N/A,2023,0.0
N/A,God Is a Bullet,N/A,N/A,Table 3,J U N E,23.0,Wayward Entertainment / XYZ Films,"Nick Cassavetes (director/screenplay); Nikolaj Coster-Waldau, Jamie Foxx, Maika Monroe, January Jones, Andrew Dice Clay",[142],N/A,2023,0.0
N/A,Wonderwell,N/A,N/A,Table 3,J U N E,23.0,Vertical Entertainment,"Vlad Marsavin (director); William Brookfield (screenplay); Carrie Fisher, Rita Ora, Kiera Milward, Nell Tiger Free",[143],N/A,2023,0.0
N/A,Indiana Jones and the Dial of Destiny,N/A,N/A,Table 3,J U N E,30.0,Walt Disney Pictures / Lucasfilm,"James Mangold (director/screenplay); Jez Butterworth, John-Henry Butterworth, David Koepp (screenplay); Harrison Ford, Phoebe Waller-Bridge, Antonio Banderas, John Rhys-Davies, Shaunette Renée Wilson, Thomas Kretschmann, Toby Jones, Boyd Holbrook, Ethann Isidore, Mads Mikkelsen, Karen Allen",[144],N/A,2023,0.0
N/A,"Ruby Gillman, Teenage Kraken",N/A,N/A,Table 3,J U N E,30.0,Universal Pictures / DreamWorks Animation,"Kirk DeMicco, Faryn Pearl (directors); Pam Brady, Brian C Brown, Elliott DiGuiseppi (screenplay); Lana Condor, Toni Collette, Annie Murphy, Sam Richardson, Liza Koshy, Will Forte, Blue Chapman, Colman Domingo, Jaboukie Young-White, Nicole Byer, Jane Fonda",[145],N/A,2023,0.0
N/A,Nimona,N/A,N/A,Table 3,J U N E,30.0,Netflix / Annapurna Pictures,"Nick Bruno and Troy Quane (directors); Robert L. Baird, Lloyd Taylor (screenplay); Chloë Grace Moretz, Riz Ahmed, Eugene Lee Yang, Frances Conroy",[146],N/A,2023,0.0
N/A,Confidential Informant,N/A,N/A,Table 3,J U N E,30.0,Lionsgate,"Michael Oblowitz (director/screenplay); Michael Kaycheck, Brooke Nasser (screenplay); Mel Gibson, Kate Bosworth, Dominic Purcell, Nick Stahl, Erik Valdez",[147],N/A,2023,0.0
N/A,Prisoner's Daughter,N/A,N/A,Table 3,J U N E,30.0,Vertical Entertainment,"Catherine Hardwicke (director); Mark Bacci (screenplay); Kate Beckinsale, Brian Cox, Christopher Convery, Jon Huertas, Ernie Hudson",[148],N/A,2023,0.0
N/A,The Unseen,N/A,N/A,Table 3,J U N E,30.0,Goonworks Films,"Vincent Shade (director); Jennifer A. Goodman (screenplay); R.J. Mitte, Christian Stolte, William Mark McCullough",[149],N/A,2023,0.0
N/A,Sound of Freedom,N/A,N/A,Table 4,J U L Y,4.0,Angel Studios / Santa Fe Films,"Alejandro Monteverde (director/screenplay); Rod Barr (screenplay); Jim Caviezel, Mira Sorvino, Bill Camp",[150],N/A,2023,0.0
N/A,Insidious: The Red Door,N/A,N/A,Table 4,J U L Y,7.0,Screen Gems / Stage 6 Films / Blumhouse Productions,"Patrick Wilson (director); Scott Teems (screenplay); Ty Simpkins, Patrick Wilson, Sinclair Daniel, Hiam Abbass, Rose Byrne",[151],N/A,2023,0.0
N/A,Joy Ride,N/A,N/A,Table 4,J U L Y,7.0,Lionsgate / Point Grey Pictures,"Adele Lim (director); Cherry Chevapravatdumrong, Teresa Hsiao (screenplay); Ashley Park, Sherry Cola, Stephanie Hsu, Sabrina Wu",[152],N/A,2023,0.0
N/A,The Out-Laws,N/A,N/A,Table 4,J U L Y,7.0,Netflix / Happy Madison Productions,"Tyler Spindel (director); Evan Turner, Ben Zazove (screenplay); Adam DeVine, Nina Dobrev, Ellen Barkin, Pierce Brosnan",[153],N/A,2023,0.0
N/A,Earth Mama,N/A,N/A,Table 4,J U L Y,7.0,A24 / Film4 Productions / Academy Films,"Savanna Leaf (director/screenplay); Tia Nomore, Erika Alexander, Doechii, Sharon Duncan-Brewster, Keta Price, Olivia Luccardi, Dominic Fike, Bokeem Woodbine",[154],N/A,2023,0.0
N/A,Biosphere,N/A,N/A,Table 4,J U L Y,7.0,IFC Films / Duplass Brothers Productions,"Mel Eslyn (director/screenplay); Mark Duplass (screenplay); Sterling K. Brown, Mark Duplass",[155],N/A,2023,0.0
N/A,Cocaine Shark,N/A,N/A,Table 4,J U L Y,7.0,Wild Eye Releasing / Polonia Brothers Entertainment,"Mark Polonia (director); Bando Glutz (screenplay); Samantha Coolidge, Ryan Dalton, Natalie Himmelberger, Titus Himmelberger, Jeff Kirkendall, Noyes J. Lawton, Ken Van Sant, Kevin Coolidge",[156],N/A,2023,0.0
N/A,Mission: Impossible – Dead Reckoning Part One,N/A,N/A,Table 4,J U L Y,12.0,Paramount Pictures / Skydance Media / TC Productions,"Christopher McQuarrie (director/screenplay); Erik Jendresen (screenplay); Tom Cruise, Hayley Atwell, Ving Rhames, Simon Pegg, Rebecca Ferguson, Vanessa Kirby, Esai Morales, Pom Klementieff, Mariela Garriga, Henry Czerny",[157],N/A,2023,0.0
N/A,They Cloned Tyrone,N/A,N/A,Table 4,J U L Y,14.0,Netflix / MACRO Media,"Juel Taylor (director/screenplay); Tony Rettenmaier (screenplay); John Boyega, Teyonah Parris, Jamie Foxx, David Alan Grier, Kiefer Sutherland",[158],N/A,2023,0.0
N/A,Theater Camp,N/A,N/A,Table 4,J U L Y,14.0,Searchlight Pictures / Topic Studios / Gloria Sanchez Productions,"Molly Gordon, Nick Lieberman (directors/screenplay); Ben Platt, Noah Galvin (screenplay); Noah Galvin, Molly Gordon, Ben Platt, Jimmy Tatro, Patti Harrison, Nathan Lee Graham, Ayo Edebiri, Owen Thiele, Caroline Aaron, Amy Sedaris",[159],N/A,2023,0.0
N/A,Barbie,N/A,N/A,Table 4,J U L Y,21.0,Warner Bros. Pictures / Heyday Films / LuckyChap Entertainment / Mattel Films,"Greta Gerwig (director/screenplay); Noah Baumbach (screenplay); Margot Robbie, Ryan Gosling, America Ferrera, Kate McKinnon, Issa Rae, Rhea Perlman, Will Ferrell",[160],N/A,2023,0.0
N/A,Oppenheimer,N/A,N/A,Table 4,J U L Y,21.0,Universal Pictures / Syncopy / Atlas Entertainment,"Christopher Nolan (director/screenplay); Cillian Murphy, Emily Blunt, Matt Damon, Robert Downey Jr., Florence Pugh, Josh Hartnett, Casey Affleck, Rami Malek, Kenneth Branagh",[161],N/A,2023,0.0
N/A,Cobweb,N/A,N/A,Table 4,J U L Y,21.0,Lionsgate / Point Grey Pictures,"Samuel Bodin (director); Chris Thomas Devlin (screenplay); Lizzy Caplan, Woody Norman, Cleopatra Coleman, Antony Starr",[162],N/A,2023,0.0
N/A,The Beanie Bubble,N/A,N/A,Table 4,J U L Y,21.0,Apple TV+ / Imagine Entertainment,"Kristin Gore, Damian Kulash (directors); Kristin Gore (screenplay); Zach Galifianakis, Elizabeth Banks, Sarah Snook, Geraldine Viswanathan",[163],N/A,2023,0.0
N/A,The Venture Bros.: Radiant Is the Blood of the Baboon Heart,N/A,N/A,Table 4,J U L Y,21.0,"Warner Bros. Home Entertainment / Williams Street / Astro Base GO! / Titmouse, Inc.","Jackson Publick (director/screenplay); Doc Hammer (screenplay); James Urbaniak, Patrick Warburton, Michael Sinterniklaas, Chris McCulloch, Doc Hammer",[164],N/A,2023,0.0
N/A,Zoey 102,N/A,N/A,Table 4,J U L Y,27.0,Paramount+ / Nickelodeon Movies / AwesomenessTV,"Nancy Hower (director); Monica Sherer, Madeline Whitby (screenplay); Jamie Lynn Spears, Erin Sanders, Sean Flynn, Christopher Massey, Matthew Underwood, Abby Wilde, Jack Salvatore Jr., Owen Thiele, Thomas Lennon, Dean Geyer, Katelynn Bennett",[165],N/A,2023,0.0
N/A,Haunted Mansion,N/A,N/A,Table 4,J U L Y,28.0,Walt Disney Pictures / Rideback,"Justin Simien (director); Katie Dippold (screenplay); LaKeith Stanfield, Tiffany Haddish, Owen Wilson, Danny DeVito, Rosario Dawson, Dan Levy, Jamie Lee Curtis, Jared Leto",[166],N/A,2023,0.0
N/A,Sympathy for the Devil,N/A,N/A,Table 4,J U L Y,28.0,RLJE Films / Hammerstone Studios,"Yuval Adler (director); Luke Paradise (screenplay); Nicolas Cage, Joel Kinnaman",[167],N/A,2023,0.0
N/A,Circus Maximus,N/A,N/A,Table 4,J U L Y,28.0,AMC Entertainment,"Travis Scott, Gaspar Noé, Valdimar Jóhannsson, Nicolas Winding Refn, Harmony Korine, Kahlil Joseph (directors); Travis Scott (screenplay); Travis Scott, Rick Rubin, James Blake, Sheck Wes, Yung Lean, Teezo Touchdown",[168],N/A,2023,0.0
N/A,Happiness for Beginners,N/A,N/A,Table 4,J U L Y,28.0,Netflix,"Vicky Wright (director/screenplay); Ellie Kemper, Luke Grimes, Nico Santos, Blythe Danner",[169],N/A,2023,0.0
N/A,War Pony,N/A,N/A,Table 4,J U L Y,28.0,Momentum Pictures,"Riley Keough, Gina Gammell (directors/screenplay); Franklin Sioux Bob, Bill Reddy (screenplay); Jojo Bapteise Whiting, Ladainian Crazy Thunder",[170],N/A,2023,0.0
N/A,The Unknown Country,N/A,N/A,Table 4,J U L Y,28.0,Music Box Pictures / Cold Iron Pictures,"Morissa Maltz (director/screenplay); Lily Gladstone, Raymond Lee, Richard Ray Whitman, Lainey Bearkiller Shangreaux, Devin Shangreaux, Jasmine Bearkiller Shangreaux",[171],N/A,2023,0.0
N/A,Blue Hour: The Disappearance of Nick Brandreth,N/A,N/A,Table 4,A U G U S T,1.0,Glass House Distribution,"Dan Bowhers (director/screenplay); Morgan DeTogne, Michael Kowalski, Mike Headford, Nick Brandreth, Josh Olkowski, Kathryn Schott",[172],N/A,2023,0.0
N/A,Teenage Mutant Ninja Turtles: Mutant Mayhem,N/A,N/A,Table 4,A U G U S T,2.0,Paramount Pictures / Nickelodeon Movies / Point Grey Pictures,"Jeff Rowe (director/screenplay); Seth Rogen, Evan Goldberg, Dan Hernandez, Benji Samit (screenplay); Micah Abbey, Shamon Brown Jr., Nicolas Cantu, Brady Noon, Ayo Edebiri, Maya Rudolph, John Cena, Seth Rogen, Rose Byrne, Natasia Demetriou, Giancarlo Esposito, Jackie Chan, Ice Cube, Paul Rudd, Post Malone, Hannibal Buress",[173],N/A,2023,0.0
N/A,Mike & Fred vs The Dead,N/A,N/A,Table 4,A U G U S T,2.0,Leone Films / Midnight Releasing,"Anthony Leone (director/screenplay); Felissa Rose, George Jac, Brian Patrick Butler, Michael C. Burgess, Sadie Katz, Jayce Venditti, Nick Young",[174],N/A,2023,0.0
N/A,Meg 2: The Trench,N/A,N/A,Table 4,A U G U S T,4.0,Warner Bros. Pictures / CMC Pictures / Di Bonaventura Pictures,"Ben Wheatley (director); Jon Hoeber, Erich Hoeber, Dean Georgaris (screenplay); Jason Statham, Wu Jing, Sophia Cai, Page Kennedy, Sergio Peris-Mencheta, Skyler Samuels, Cliff Curtis",[175],N/A,2023,0.0
N/A,Shortcomings,N/A,N/A,Table 4,A U G U S T,4.0,Sony Pictures Classics / Topic Studios / Roadside Attractions,"Randall Park (director); Adrian Tomine (screenplay); Justin H. Min, Sherry Cola, Ally Maki, Debby Ryan, Tavi Gevinson, Sonoya Mizuno, Jacob Batalon, Timothy Simons",[176],N/A,2023,0.0
N/A,Dreamin' Wild,N/A,N/A,Table 4,A U G U S T,4.0,Roadside Attractions / River Road Entertainment,"Bill Pohlad (director/screenplay); Casey Affleck, Walton Goggins, Zooey Deschanel, Noah Jupe, Jack Dylan Grazer, Chris Messina, Beau Bridges",[177],N/A,2023,0.0
N/A,Corner Office,N/A,N/A,Table 4,A U G U S T,4.0,Lionsgate / Grindstone Entertainment Group / Anonymous Content,"Joachim Back (director); Ted Kupper (screenplay); Jon Hamm, Danny Pudi, Sarah Gadon, Christopher Heyerdahl",[178],N/A,2023,0.0
N/A,What Comes Around,N/A,N/A,Table 4,A U G U S T,4.0,IFC Films,"Amy Redford (director); Scott Organ (screenplay); Summer Phoenix, Grace Van Dien, Jesse Garcia, Kyle Gallner",[179],N/A,2023,0.0
N/A,The Passenger,N/A,N/A,Table 4,A U G U S T,4.0,MGM+ / Blumhouse Productions,"Carter Smith (director); Jack Stanley (screenplay); Johnny Berchtold, Kyle Gallner",[180],N/A,2023,0.0
N/A,The Last Voyage of the Demeter,N/A,N/A,Table 4,A U G U S T,11.0,Universal Pictures / DreamWorks Pictures / Reliance Entertainment / Phoenix Pictures,"André Øvredal (director); Bragi F. Schut, Zak Olkewicz (screenplay); Corey Hawkins, Aisling Franciosi, Liam Cunningham, David Dastmalchian",[181],N/A,2023,0.0
N/A,Heart of Stone,N/A,N/A,Table 4,A U G U S T,11.0,Netflix / Skydance Media,"Tom Harper (director); Greg Rucka, Allison Schroeder (screenplay); Gal Gadot, Jamie Dornan, Alia Bhatt, Matthias Schweighöfer, Sophie Okonedo",[109],N/A,2023,0.0
N/A,"Red, White & Royal Blue",N/A,N/A,Table 4,A U G U S T,11.0,Amazon Studios / Berlanti-Schechter Films,"Matthew Lopez (director/screenplay); Ted Malawer (screenplay); Taylor Zakhar Perez, Nicholas Galitzine, Clifton Collins Jr., Sarah Shahi, Rachel Hilson, Stephen Fry, Uma Thurman",[182],N/A,2023,0.0
N/A,Jules,N/A,N/A,Table 4,A U G U S T,11.0,Bleecker Street / Big Beach,"Marc Turtletaub (director); Gavin Steckler (screenplay); Ben Kingsley, Jane Curtin, Harriet Sansom Harris",[183],N/A,2023,0.0
N/A,Inside Man,N/A,N/A,Table 4,A U G U S T,11.0,Global Ascension / 2B Films / Wild7 Films,"Danny A. Abeckaser (director); Kosta Kondilopoulos (screenplay); Emile Hirsch, Jake Cannavale, Lucy Hale, Ashley Greene, Greg Finley, Danny A. Abeckaser",[184],N/A,2023,0.0
N/A,Blue Beetle,N/A,N/A,Table 4,A U G U S T,18.0,Warner Bros. Pictures / DC Studios,"Ángel Manuel Soto (director); Gareth Dunnet-Alcocer (screenplay); Xolo Maridueña, Adriana Barraza, Damián Alcázar, Elpidia Carrillo, Bruna Marquezine, Raoul Max Trujillo, Susan Sarandon, George Lopez",[185],N/A,2023,0.0
N/A,Strays,N/A,N/A,Table 4,A U G U S T,18.0,Universal Pictures / Lord Miller Productions,"Josh Greenbaum (director); Dan Perrault (screenplay); Will Ferrell, Jamie Foxx, Will Forte, Isla Fisher, Randall Park, Josh Gad, Harvey Guillén, Rob Riggle, Brett Gelman, Jamie Demetriou, Sofia Vergara",[186],N/A,2023,0.0
N/A,The Monkey King,N/A,N/A,Table 4,A U G U S T,18.0,Netflix / Reel FX Animation,"Anthony Stacchi (director); Steve Bencich, Ron J. Friedman (screenplay); Jimmy O. Yang, Lin Jolie Hoang-Rappaport, Bowen Yang, Jo Koy, Stephanie Hsu, BD Wong",[187],N/A,2023,0.0
N/A,Back on the Strip,N/A,N/A,Table 4,A U G U S T,18.0,GVN Releasing / Luminosity Entertainment,"Chris Spencer (director/screenplay); Eric Daniel (screenplay); Wesley Snipes, J. B. Smoove, Gary Owen, Bill Bellamy, Spence Moore II, Raigan Harris, Faizon Love, Tiffany Haddish",[188],N/A,2023,0.0
N/A,Landscape with Invisible Hand,N/A,N/A,Table 4,A U G U S T,18.0,Metro-Goldwyn-Mayer / Plan B Entertainment / Annapurna Pictures,"Cory Finley (director/screenplay); Asante Blackk, Kylie Rogers, Tiffany Haddish",[189],N/A,2023,0.0
N/A,Birth/Rebirth,N/A,N/A,Table 4,A U G U S T,18.0,Shudder / Retrospecter Films / Elfman + Viste,"Laura Moss (director); Laura Moss, Brendan J. O'Brien (screenplay); Marin Ireland, Judy Reyes, A.J. Lister, Breda Wool, Monique Gabriela Curnen, Grant Harrison, LaChanze, Rina Meija",[190],N/A,2023,0.0
N/A,The Adults,N/A,N/A,Table 4,A U G U S T,18.0,Variance Films,"Dustin Guy Defa (director/screenplay); Michael Cera, Hannah Gross, Sophia Lillis",[191],N/A,2023,0.0
N/A,Gran Turismo,N/A,N/A,Table 4,A U G U S T,25.0,Columbia Pictures / PlayStation Productions / Trigger Street Productions,"Neill Blomkamp (director); Jason Hall, Zach Baylin (screenplay); David Harbour, Orlando Bloom, Archie Madekwe, Darren Barnet, Geri Halliwell Horner, Djimon Hounsou",[192],N/A,2023,0.0
N/A,Retribution,N/A,N/A,Table 4,A U G U S T,25.0,Lionsgate / Roadside Attractions / StudioCanal / The Picture Company,"Nimród Antal (director); Chris Salmanpour (screenplay); Liam Neeson, Noma Dumezweni, Lilly Aspell, Jack Champion, Embeth Davidtz, Matthew Modine",[193],N/A,2023,0.0
N/A,Vacation Friends 2,N/A,N/A,Table 4,A U G U S T,25.0,Hulu / 20th Century Studios,"Clay Tarver (director/screenplay); John Cena, Lil Rel Howery, Yvonne Orji, Meredith Hagner, Carlos Santos, Ronny Chieng, Jamie Hector, Steve Buscemi",[194],N/A,2023,0.0
N/A,You Are So Not Invited to My Bat Mitzvah,N/A,N/A,Table 4,A U G U S T,25.0,Netflix / Happy Madison Productions,"Sammi Cohen (director); Alison Peck (screenplay); Sunny Sandler, Samantha Lorraine, Adam Sandler, Idina Menzel, Jackie Sandler, Sadie Sandler, Dylan Hoffman, Jackie Hoffman, Luis Guzmán",[195],N/A,2023,0.0
N/A,Bottoms,N/A,N/A,Table 4,A U G U S T,25.0,Orion Pictures / Brownstone Productions,"Emma Seligman (director/screenplay); Rachel Sennott (screenplay); Rachel Sennott, Ayo Edebiri, Havana Rose Liu, Kaia Gerber, Nicholas Galitzine, Dagmara Domińczyk, Marshawn Lynch",[196],N/A,2023,0.0
N/A,Golda,N/A,N/A,Table 4,A U G U S T,25.0,Bleecker Street / Embankment Films / Qwerty Films,"Guy Nattiv (director); Nicholas Martin (screenplay); Helen Mirren, Camille Cottin, Liev Schreiber",[197],N/A,2023,0.0
N/A,MR-9: Do or Die,N/A,N/A,Table 4,A U G U S T,25.0,Chasing Butterflies Pictures / Premiere Entertainment / Al Bravo Films / Avail Entertainment / Jaaz Multimedia,"Asif Akbar (director & screenplay); AMB Sumon, Sakshi Pradhan, Frank Grillo, Michael Jai White, Tariq Anam Khan, Jessia Islam",[198][199],N/A,2023,0.0
N/A,The Hill,N/A,N/A,Table 4,A U G U S T,25.0,Briarcliff Entertainment,"Jeff Celentano (director); Scott Marshall Smith, Angelo Pizzo (screenplay); Colin Ford, Dennis Quaid, Joelle Carter, Scott Glenn",[200],N/A,2023,0.0
N/A,The Equalizer 3,N/A,N/A,Table 4,S E P T E M B E R,1.0,Columbia Pictures / Escape Artists,"Antoine Fuqua (director); Richard Wenk (screenplay); Denzel Washington, Dakota Fanning, Eugenio Mastrandrea, David Denman, Gaia Scodellaro, Remo Girone",[127],N/A,2023,0.0
N/A,The Good Mother,N/A,N/A,Table 4,S E P T E M B E R,1.0,Vertical Entertainment,"Miles Joris-Peyrafitte (director/screenplay); Madison Harrison (screenplay); Hilary Swank, Olivia Cooke, Jack Reynor, Hopper Penn",[201],N/A,2023,0.0
N/A,All Fun and Games,N/A,N/A,Table 4,S E P T E M B E R,1.0,Vertical Entertainment / AGBO,"Ari Costa, Eren Celeboglu (director/screenplay); J.J. Braider (screenplay); Natalia Dyer, Asa Butterfield, Benjamin Evan Ainsworth, Laurel Marsden, Kolton Stewart, Annabeth Gish",[202],N/A,2023,0.0
N/A,Yoshiki: Under the Sky,N/A,N/A,Table 4,S E P T E M B E R,7.0,A List Media Entertainment,"Yoshiki (director); Yoshiki, Sarah Brightman, Jane Zhang, Scorpions, SixTones, Nicole Scherzinger, St. Vincent, Sugizo, Hyde, Lindsey Stirling, The Chainsmokers",[203],N/A,2023,0.0
N/A,The Nun II,N/A,N/A,Table 4,S E P T E M B E R,8.0,Warner Bros. Pictures / New Line Cinema / Atomic Monster,"Michael Chaves (director); Ian Goldberg, Richard Naing, Akela Cooper (screenplay); Taissa Farmiga, Jonas Bloquet, Storm Reid, Anna Popplewell, Bonnie Aarons",[56],N/A,2023,0.0
N/A,My Big Fat Greek Wedding 3,N/A,N/A,Table 4,S E P T E M B E R,8.0,Focus Features / Playtone / Gold Circle Entertainment / HBO Films,"Nia Vardalos (director/screenplay); Nia Vardalos, John Corbett, Louis Mandylor, Elena Kampouris, Gia Carides, Joey Fatone, Lainie Kazan, Andrea Martin",[204],N/A,2023,0.0
N/A,Sitting in Bars with Cake,N/A,N/A,Table 4,S E P T E M B E R,8.0,Amazon Studios,"Trish Sie (director); Audrey Shulman (screenplay); Yara Shahidi, Odessa A'zion, Martha Kelly, Ron Livingston, Bette Midler",[205],N/A,2023,0.0
N/A,Aristotle and Dante Discover the Secrets of the Universe,N/A,N/A,Table 4,S E P T E M B E R,8.0,Blue Fox Entertainment,"Aitch Alberto (director/screenplay); Max Pelayo, Reese Gonzales, Eugenio Derbez, Eva Longoria",[206],N/A,2023,0.0
N/A,After Everything,N/A,N/A,Table 4,S E P T E M B E R,13.0,Voltage Pictures,"Castille Landon (director/screenplay); Josephine Langford, Hero Fiennes Tiffin, Louise Lombard, Chance Perdomo, Kiana Madeira, Rob Estes, Arielle Kebbel, Carter Jenkins, Anton Kottas, Stephen Moyer",[207],N/A,2023,0.0
N/A,A Haunting in Venice,N/A,N/A,Table 4,S E P T E M B E R,15.0,20th Century Studios / Scott Free Productions / Genre Films,"Kenneth Branagh (director); Michael Green (screenplay); Kenneth Branagh, Kyle Allen, Camille Cottin, Jamie Dornan, Tina Fey, Jude Hill, Ali Khan, Emma Laird, Kelly Reilly, Riccardo Scamarcio, Michelle Yeoh",[208],N/A,2023,0.0
N/A,Dumb Money,N/A,N/A,Table 4,S E P T E M B E R,15.0,Columbia Pictures / Stage 6 Films / Black Bear Pictures,"Craig Gillespie (director); Lauren Schuker Blum, Rebecca Angelo (screenplay); Paul Dano, Pete Davidson, Vincent D'Onofrio, America Ferrera, Nick Offerman, Anthony Ramos, Sebastian Stan, Shailene Woodley, Seth Rogen",[209],N/A,2023,0.0
N/A,Love at First Sight,N/A,N/A,Table 4,S E P T E M B E R,15.0,Netflix,"Vanessa Caswill (director); Katie Lovejoy (screenplay); Haley Lu Richardson, Ben Hardy, Dexter Fletcher, Rob Delaney, Sally Phillips, Jameela Jamil",[210],N/A,2023,0.0
N/A,A Million Miles Away,N/A,N/A,Table 4,S E P T E M B E R,15.0,Amazon Studios,"Alejandra Márquez Abella (director/screenplay); Bettina Gilois, Hernán Jiménez (screenplay); Michael Peña, Rosa Salazar, Sarayu Blue, Verónica Falcón, Julio Cesar Cedillo, Garret Dillahunt",[211],N/A,2023,0.0
N/A,The Retirement Plan,N/A,N/A,Table 4,S E P T E M B E R,15.0,Falling Forward Films / Productivity Media / Darius Films,"Tim Brown (director/screenplay); Nicolas Cage, Ron Perlman, Ashley Greene, Jackie Earle Haley, Grace Byers, Ernie Hudson, Lynn Whitfield, Joel David Moore, Thalia Campbell",[212],N/A,2023,0.0
N/A,Outlaw Johnny Black,N/A,N/A,Table 4,S E P T E M B E R,15.0,Samuel Goldwyn Films,"Michael Jai White (director/screenplay); Michael Jai White, Anika Noni Rose, Erica Ash, Byron Minns, Kevin Chapman, Kym Whitley, Tommy Davidson, Buddy Lewis, Chris Browning, Barry Bostwick, Gary Anthony Williams, Tony Baker, Glynn Turman",[213],N/A,2023,0.0
N/A,Camp Hideout,N/A,N/A,Table 4,S E P T E M B E R,15.0,Roadside Attractions,"Sean Olson (director); Dave DeBorde, C. Neil Davenport, Kat Olson (screenplay); Ethan Drew, Corbin Bleu, Amanda Leighton, Christopher Lloyd",[214],N/A,2023,0.0
N/A,The Inventor,N/A,N/A,Table 4,S E P T E M B E R,15.0,Blue Fox Entertainment,"Jim Capobianco (director/screenplay); Stephen Fry, Marion Cotillard, Daisy Ridley, Matt Berry, Natalie Palamides, Jim Capobianco",[215],N/A,2023,0.0
N/A,Expend4bles,N/A,N/A,Table 4,S E P T E M B E R,22.0,Lionsgate / Millennium Media,"Scott Waugh (director); Kurt Wimmer, Tad Daggerhart, Max Adams (screenplay); Jason Statham, Sylvester Stallone, Megan Fox, 50 Cent, Randy Couture, Tony Jaa, Iko Uwais, Jacob Scipio, Levy Tran, Andy García, Dolph Lundgren",[123],N/A,2023,0.0
N/A,Spy Kids: Armageddon,N/A,N/A,Table 4,S E P T E M B E R,22.0,Netflix / Skydance Media / Spyglass Media Group / Troublemaker Studios,"Robert Rodriguez (director/screenplay); Racer Max (screenplay); Gina Rodriguez, Zachary Levi, Everly Carganilla, Connor Esterson, Billy Magnussen, D. J. Cotrona",[216],N/A,2023,0.0
N/A,Reptile,N/A,N/A,Table 4,S E P T E M B E R,22.0,Netflix / Black Label Media,"Grant Singer (director/screenplay); Benjamin Brewer, Benicio del Toro (screenplay); Benicio del Toro, Justin Timberlake, Alicia Silverstone, Eric Bogosian, Ato Essandoh, Domenick Lombardozzi, Michael Pitt",[217],N/A,2023,0.0
N/A,Cassandro,N/A,N/A,Table 4,S E P T E M B E R,22.0,Amazon Studios / Escape Artists,"Roger Ross Williams (director/screenplay); David Teague (screenplay); Gael García Bernal, Roberta Colindrez, Perla De La Rosa, Joaquín Cosío, Raúl Castillo, El Hijo del Santo, Bad Bunny",[218],N/A,2023,0.0
N/A,Flora and Son,N/A,N/A,Table 4,S E P T E M B E R,22.0,Apple TV+ / FilmNation Entertainment / Likely Story,"John Carney (director/screenplay); Eve Hewson, Jack Reynor, Orén Kinlan, Joseph Gordon-Levitt",[219],N/A,2023,0.0
N/A,No One Will Save You,N/A,N/A,Table 4,S E P T E M B E R,22.0,Hulu / 20th Century Studios,Brian Duffield (director/screenplay); Kaitlyn Dever,[220],N/A,2023,0.0
N/A,It Lives Inside,N/A,N/A,Table 4,S E P T E M B E R,22.0,Neon / Brightlight Pictures,"Bishal Dutta (director/screenplay); Megan Suri, Neeru Bajwa, Mohana Krishnan, Vik Sahay, Gage Marsh, Beatrice Kitsos, Betty Gabriel",[221],N/A,2023,0.0
N/A,Everybody Dies by the End,N/A,N/A,Table 4,S E P T E M B E R,22.0,Terror Films / Children of Celluloid,"Ian Tripp, Ryan Schafer (directors); Ian Tripp (screenplay); Vinny Curran, Bill Oberst Jr., Brendan Cahalan, Iliyana Apostolova, Ian Tripp, Joshua Wyble, Ryan Schafer, Caroline Amiguet, Paul Fisher III, Alan Vazquez",[222],N/A,2023,0.0
N/A,The Kill Room,N/A,N/A,Table 4,S E P T E M B E R,26.0,Shout! Studios / Yale Entertainment,"Nicol Paone (director); Jonathan Jacobson (screenplay); Uma Thurman, Joe Manganiello, Maya Hawke, Debi Mazar, Dree Hemingway, Samuel L. Jackson",[223],N/A,2023,0.0
N/A,The Creator,N/A,N/A,Table 4,S E P T E M B E R,29.0,20th Century Studios / Regency Enterprises / Entertainment One,"Gareth Edwards (director/screenplay); Chris Weitz (screenplay); John David Washington, Gemma Chan, Ken Watanabe, Sturgill Simpson, Madeleine Yuna Voyles, Allison Janney",[224],N/A,2023,0.0
N/A,Saw X,N/A,N/A,Table 4,S E P T E M B E R,29.0,Lionsgate / Twisted Pictures,"Kevin Greutert (director); Josh Stolberg, Peter Goldfinger (screenplay); Tobin Bell, Shawnee Smith, Synnøve Macody Lund, Steven Brand, Renata Vacal, Michael Beach",[225],N/A,2023,0.0
N/A,Fair Play,N/A,N/A,Table 4,S E P T E M B E R,29.0,Netflix / MRC / T-Street Productions,"Chloe Domont (director/screenplay); Phoebe Dynevor, Alden Ehrenreich, Eddie Marsan, Rich Sommer",[226],N/A,2023,0.0
N/A,Heist 88,N/A,N/A,Table 4,S E P T E M B E R,29.0,Showtime / Paramount+,"Menhaj Huda (director); Dwayne Johnson-Cochran (screenplay); Courtney B. Vance, Keesha Sharp, Keith David",[227],N/A,2023,0.0
N/A,The Re-Education of Molly Singer,N/A,N/A,Table 4,S E P T E M B E R,29.0,Lionsgate,"Andy Palmer (director); Todd Friedman, Kevin Haskins (screenplay); Britt Robertson, Ty Simpkins, Nico Santos, Cierra Ramirez, Holland Roden, Wendie Malick, Jaime Pressly",[228],N/A,2023,0.0
N/A,Deliver Us,N/A,N/A,Table 4,S E P T E M B E R,29.0,Magnet Releasing,"Lee Roy Kunz, Cru Ennis (directors); Lee Roy Kunz, Kane Kunz (screenplay); Lee Roy Kunz, Maria Vera Ratti, Alexander Siddig, Jaune Kimmel, Thomas Kretschmann",[229],N/A,2023,0.0
N/A,Oracle,N/A,N/A,Table 5,,1.0,Max / Universal Pictures / Will Packer Productions,"Daniel Di Grado (director); Michael Ross, Corey Harrell (screenplay); Ryan Destiny, Heather Graham",[230],N/A,2023,0.0
N/A,Appendage,N/A,N/A,Table 5,,2.0,Hulu / 20th Digital Studio,"Anna Zlokovic (director/screenplay); Hadley Robinson, Emily Hampshire, Brandon Mychal Smith, Kausar Mohammed, Desmin Borges, Deborah Rennard",[231],N/A,2023,0.0
N/A,The Exorcist: Believer,N/A,N/A,Table 5,,6.0,Universal Pictures / Blumhouse Productions / Morgan Creek Entertainment,"David Gordon Green (director/screenplay); Peter Sattler (screenplay); Leslie Odom Jr., Lidya Jewett, Olivia O’Neill, Jennifer Nettles, Norbert Leo Butz, Ann Dowd, Ellen Burstyn",[232],N/A,2023,0.0
N/A,Pet Sematary: Bloodlines,N/A,N/A,Table 5,,6.0,Paramount+ / Paramount Players / Di Bonaventura Pictures,"Lindsey Anderson Beer (director/screenplay); Jeff Buhler (screenplay); Jackson White, Jack Mulhern, Henry Thomas, Forrest Goodluck, Natalie Alyn Lind, Isabella Star LaBlanc, Pam Grier, David Duchovny",[233],N/A,2023,0.0
N/A,Totally Killer,N/A,N/A,Table 5,,6.0,Amazon Studios / Blumhouse Productions,"Nahnatchka Khan (director); David Matalon, Sasha Perl-Raver, Jen D'Angelo (screenplay); Kiernan Shipka, Olivia Holt, Julie Bowen, Randall Park",[234],N/A,2023,0.0
N/A,V/H/S/85,N/A,N/A,Table 5,,6.0,Studio 71 / Bloody Disgusting,"Mike P. Nelson, Gigi Saul Guerrero (directors/screenplay); Scott Derrickson, David Bruckner, Natasha Kermani (directors); Jordan Belfi, Kelli Garner, Gabriela Roel, Gigi Saul Guerrero, Chivonne Michelle, James Ransone, Freddy Rodriguez, Britt Baron",[235],N/A,2023,0.0
N/A,The Caine Mutiny Court-Martial,N/A,N/A,Table 5,,6.0,Republic Pictures / Showtime / Paramount+,"William Friedkin (director/screenplay); Kiefer Sutherland, Lance Reddick, Jason Clarke, Jake Lacy, Monica Raymund, Lewis Pullman, Jay Duplass, Tom Riley",[236],N/A,2023,0.0
N/A,Dicks: The Musical,N/A,N/A,Table 5,,6.0,A24 / Chernin Entertainment,"Larry Charles (director); Aaron Jackson, Josh Sharp (screenplay); Megan Mullally, Megan Thee Stallion, Bowen Yang, Nathan Lane, Aaron Jackson, Josh Sharp",[237],N/A,2023,0.0
N/A,Foe,N/A,N/A,Table 5,,6.0,Amazon Studios / See-Saw Films / Anonymous Content,"Garth Davis (director/screenplay); Iain Reid (screenplay); Saoirse Ronan, Paul Mescal, Aaron Pierre",[238],N/A,2023,0.0
N/A,She Came to Me,N/A,N/A,Table 5,,6.0,Vertical Entertainment / Killer Films,"Rebecca Miller (director/screenplay); Peter Dinklage, Marisa Tomei, Joanna Kulig, Brian d'Arcy James, Anne Hathaway",[239],N/A,2023,0.0
N/A,The Burial,N/A,N/A,Table 5,,6.0,Amazon Studios / Maven Screen Media,"Maggie Betts (director/screenplay); Doug Wright (screenplay); Jamie Foxx, Tommy Lee Jones, Jurnee Smollett, Mamoudou Athie, Bill Camp, Pamela Reed, Alan Ruck",[240],N/A,2023,0.0
N/A,Desperation Road,N/A,N/A,Table 5,,6.0,Lionsgate,"Nadine Crocker (director); Michael Farris Smith (screenplay); Garrett Hedlund, Mel Gibson, Willa Fitzgerald, Ryan Hurst",[241],N/A,2023,0.0
N/A,Miranda's Victim,N/A,N/A,Table 5,,6.0,Vertical Entertainment,"Michelle Danner (director); J. Craig Stiles (screenplay); Abigail Breslin, Luke Wilson, Andy García, Donald Sutherland, Sebastian Quinn, Ryan Phillippe",[242],N/A,2023,0.0
N/A,Cat Person,N/A,N/A,Table 5,,6.0,Rialto Pictures / StudioCanal,"Susanna Fogel (director); Michelle Ashford (screenplay); Emilia Jones, Nicholas Braun, Geraldine Viswanathan, Hope Davis, Fred Melamed, Isabella Rossellini",[243],N/A,2023,0.0
N/A,The Mill,N/A,N/A,Table 5,,9.0,Hulu / 20th Digital Studio,"Sean King O'Grady (director); Jeffrey David Thomas (screenplay); Lil Rel Howery, Scoot McNairy, Pat Healy",[244],N/A,2023,0.0
N/A,Down Low,N/A,N/A,Table 5,,10.0,Stage 6 Films / FilmNation Entertainment,"Rightor Doyle (director); Phoebe Fisher, Lukas Gage (screenplay); Zachary Quinto, Lukas Gage, Simon Rex, Audra McDonald, Judith Light",[245],N/A,2023,0.0
N/A,Dark Harvest,N/A,N/A,Table 5,,11.0,Metro-Goldwyn-Mayer,"David Slade (director); Michael Gilio (screenplay); Casey Likes, E'myri Crutchfield, Dustin Ceithamer, Elizabeth Reaser, Luke Kirby, Jeremy Davies",[246],N/A,2023,0.0
N/A,Taylor Swift: The Eras Tour,N/A,N/A,Table 5,,13.0,AMC Entertainment / Cinemark Theatres / Taylor Swift Productions,Sam Wrench (director); Taylor Swift,[247],N/A,2023,0.0
N/A,Dear David,N/A,N/A,Table 5,,13.0,Lionsgate / BuzzFeed Studios,"John McPhail (director); Mike Van Waes (screenplay); Augustus Prew, Andrea Bang, Justin Long",[248],N/A,2023,0.0
N/A,Divinity,N/A,N/A,Table 5,,13.0,Utopia,"Eddie Alcazar (director/screenplay); Stephen Dorff, Bella Thorne, Scott Bakula, Jason Genao, Moisés Arias, Karrueche Tran, Caylee Cowan",[249],N/A,2023,0.0
N/A,In the Fire,N/A,N/A,Table 5,,13.0,Saban Films,"Conor Allyn (director/screenplay); Pascal Borno, Silvio Muraglia (screenplay); Amber Heard, Eduardo Noriega, Lorenzo McGovern Zaini",[250],N/A,2023,0.0
N/A,Killers of the Flower Moon,N/A,N/A,Table 5,,20.0,Paramount Pictures / Apple Studios / Sikelia Productions / Appian Way Productions,"Martin Scorsese (director/screenplay); Eric Roth (screenplay); Leonardo DiCaprio, Robert De Niro, Lily Gladstone, Jesse Plemons, Tantoo Cardinal, John Lithgow, Brendan Fraser",[251],N/A,2023,0.0
N/A,Pain Hustlers,N/A,N/A,Table 5,,20.0,Netflix,"David Yates (director); Wells Tower (screenplay); Emily Blunt, Chris Evans, Andy García, Catherine O'Hara, Jay Duplass, Brian d'Arcy James, Chloe Coleman",[252],N/A,2023,0.0
N/A,Nyad,N/A,N/A,Table 5,,20.0,Netflix / Black Bear Pictures,"Elizabeth Chai Vasarhelyi, Jimmy Chin (directors); Julia Cox (screenplay); Annette Bening, Jodie Foster, Rhys Ifans",[253],N/A,2023,0.0
N/A,Old Dads,N/A,N/A,Table 5,,20.0,Netflix / Miramax,"Bill Burr (director/screenplay); Ben Tishler (screenplay); Bill Burr, Bobby Cannavale, Bokeem Woodbine, Miles Robbins, Katie Aselton, Reign Edwards",[254],N/A,2023,0.0
N/A,Butcher's Crossing,N/A,N/A,Table 5,,20.0,Saban Films / Altitude Film Entertainment,"Gabe Polsky (director/screenplay); Liam Satre-Meloy (screenplay); Nicolas Cage, Fred Hechinger, Xander Berkeley, Rachel Keller, Jeremy Bobb, Paul Raci",[255],N/A,2023,0.0
N/A,The Other Zoey,N/A,N/A,Table 5,,20.0,Brainstorm Media,"Sara Zandieh (director); Matt Tabak (screenplay); Josephine Langford, Drew Starkey, Archie Renaux, Mallori Johnson, Patrick Fabian, Heather Graham, Andie MacDowell",[256],N/A,2023,0.0
N/A,Sick Girl,N/A,N/A,Table 5,,20.0,Lionsgate / Grindstone Entertainment,"Jennifer Cram (director/screenplay); Nina Dobrev, Brandon Mychal Smith, Sherry Cola, Stephanie Koenig, Hayley Magnus, Ray McKinnon, Dan Bakkedahl, Wendi McLendon-Covey",[257],N/A,2023,0.0
N/A,The Persian Version,N/A,N/A,Table 5,,20.0,Sony Pictures Classics / Stage 6 Films,"Maryam Keshavarz (director/screenplay); Layla Mohammadi, Niousha Noor, Bijan Daneshmand, Bella Warda, Tom Byrne",[258],N/A,2023,0.0
N/A,Five Nights at Freddy's,N/A,N/A,Table 5,,27.0,Universal Pictures / Blumhouse Productions,"Emma Tammi (director/screenplay); Scott Cawthon, Seth Cuddeback (screenplay); Josh Hutcherson, Elizabeth Lail, Piper Rubio, Mary Stuart Masterson, Matthew Lillard",[259],N/A,2023,0.0
N/A,Under the Boardwalk,N/A,N/A,Table 5,,27.0,Paramount Pictures / Paramount Animation,"David Soren (director/screenplay); Lorene Scafaria (screenplay); Keke Palmer, Michael Cera, Bobby Cannavale",[260],N/A,2023,0.0
N/A,Freelance,N/A,N/A,Table 5,,27.0,Relativity Media / AGC Studios,"Pierre Morel (director); Jacob Lentz (screenplay); John Cena, Alison Brie, Juan Pablo Raba, Alice Eve, Marton Csokas, Christian Slater",[261],N/A,2023,0.0
N/A,The Holdovers,N/A,N/A,Table 5,,27.0,Focus Features / Miramax,"Alexander Payne (director); David Hemingson (screenplay); Paul Giamatti, Da'Vine Joy Randolph, Dominic Sessa",[262],N/A,2023,0.0
N/A,The Killer,N/A,N/A,Table 5,,27.0,Netflix / Plan B Entertainment / Boom! Studios,"David Fincher (director); Andrew Kevin Walker (screenplay); Michael Fassbender, Arliss Howard, Charles Parnell, Kerry O'Malley, Sala Baker, Sophie Charlotte, Tilda Swinton",[263],N/A,2023,0.0
N/A,Fingernails,N/A,N/A,Table 5,,27.0,Apple TV+ / FilmNation Entertainment / Dirty Films,"Christos Nikou (director/screenplay); Sam Steiner, Stavros Raptis (screenplay); Jessie Buckley, Riz Ahmed, Jeremy Allen White, Annie Murphy, Luke Wilson",[264],N/A,2023,0.0
N/A,Priscilla,N/A,N/A,Table 5,,27.0,A24 / American Zoetrope / The Apartment Pictures,"Sofia Coppola (director/screenplay); Cailee Spaeny, Jacob Elordi, Dagmara Domińczyk",[265],N/A,2023,0.0
N/A,Suitable Flesh,N/A,N/A,Table 5,,27.0,RLJE Films / Shudder,"Joe Lynch (director); Dennis Paoli (screenplay); Heather Graham, Judah Lewis, Bruce Davison, Johnathon Schaech, Barbara Crampton",[266],N/A,2023,0.0
N/A,Hell House LLC Origins: The Carmichael Manor,N/A,N/A,Table 5,,30.0,Shudder / Terror Films,"Stephen Cognetti (director/screenplay); Bridget Rose Perrotta, Destiny Leilani Brown, James Liddell, Gideon Berger",[267],N/A,2023,0.0
N/A,What Happened at 625 River Road?,N/A,N/A,Table 5,N O V E M B E R,2.0,Freestyle Digital Media,"Devon Jovi Johnson (director/screenplay); Allen Worrell (screenplay); Francheska Pujols, Summer Foley, Silvana Jakich, Piotr Marzecki, Matrell Smith",[268],N/A,2023,0.0
N/A,Quiz Lady,N/A,N/A,Table 5,N O V E M B E R,3.0,Hulu / 20th Century Studios / Gloria Sanchez Productions,"Jessica Yu (director); Jen D'Angelo (screenplay); Awkwafina, Sandra Oh, Jason Schwartzman, Holland Taylor, Tony Hale, Jon ""Dumbfoundead"" Park, Will Ferrell",[269],N/A,2023,0.0
N/A,Rustin,N/A,N/A,Table 5,N O V E M B E R,3.0,Netflix / Higher Ground Productions,"George C. Wolfe (director); Julian Breece, Dustin Lance Black (screenplay); Colman Domingo, Chris Rock, Glynn Turman, Aml Ameen, Gus Halper, CCH Pounder, Da'Vine Joy Randolph, Johnny Ramey, Michael Potts, Jeffrey Wright, Audra McDonald",[270],N/A,2023,0.0
N/A,The Marsh King's Daughter,N/A,N/A,Table 5,N O V E M B E R,3.0,Lionsgate / Roadside Attractions / STXfilms / Black Bear Pictures,"Neil Burger (director); Elle Smith, Mark L. Smith (screenplay); Daisy Ridley, Ben Mendelsohn, Garrett Hedlund, Caren Pistorius, Brooklynn Prince, Gil Birmingham",[271],N/A,2023,0.0
N/A,What Happens Later,N/A,N/A,Table 5,N O V E M B E R,3.0,Bleecker Street,"Meg Ryan (director/screenplay); Steven Dietz, Kirk Lynn (screenplay); Meg Ryan, David Duchovny",[272],N/A,2023,0.0
N/A,All Dirt Roads Taste of Salt,N/A,N/A,Table 5,N O V E M B E R,3.0,A24,"Raven Jackson (director/screenplay); Charleen McClure, Reginald Helms Jr., Moses Ingram, Zainab Jah, Sheila Atim, Chris Chalk",[273],N/A,2023,0.0
N/A,Helen's Dead,N/A,N/A,Table 5,N O V E M B E R,3.0,Screen Media,"K. Asher Levin (director/screenplay); Amy Brown Carver (screenplay); Annabelle Dexter-Jones, Tyrese Gibson, Emile Hirsch, Dylan Gelula, Oliver Cooper",[274],N/A,2023,0.0
N/A,At the Gates,N/A,N/A,Table 5,N O V E M B E R,3.0,Picturehouse,"Augustus Meleo Bernstein (director/screenplay); Miranda Otto, Noah Wyle, Ezekiel Pacheco, Vanessa Benavente, Sadie Anne Stanley",[275],N/A,2023,0.0
N/A,Rumble Through the Dark,N/A,N/A,Table 5,N O V E M B E R,3.0,Lionsgate,"Graham Phillips and Parker Phillips (directors); Michael Farris Smith; (screenplay); Aaron Eckhart, Bella Thorne, Ritchie Coster, Amanda Saunders, Joe Hursley, Mike McColl, Derek Russo, Christopher Winchester, Marianne Jean-Baptiste",[276],N/A,2023,0.0
N/A,The Marvels,N/A,N/A,Table 5,N O V E M B E R,10.0,Marvel Studios,"Nia DaCosta (director/screenplay); Megan McDonnell, Elissa Karasik (screenplay); Brie Larson, Teyonah Parris, Iman Vellani, Zawe Ashton, Gary Lewis, Park Seo-joon, Zenobia Shroff, Mohan Kapur, Saagar Shaikh, Samuel L. Jackson",[166],N/A,2023,0.0
N/A,Dream Scenario,N/A,N/A,Table 5,N O V E M B E R,10.0,A24,"Kristoffer Borgli (director/screenplay); Nicolas Cage, Julianne Nicholson, Michael Cera, Tim Meadows, Dylan Gelula, Dylan Baker",[277],N/A,2023,0.0
N/A,Journey to Bethlehem,N/A,N/A,Table 5,N O V E M B E R,10.0,Affirm Films,"Adam Anders (director/screenplay); Peter Barsocchini (screenplay); Fiona Palomo, Milo Manheim, Lecrae, Joel Smallbone, Antonio Banderas",[278],N/A,2023,0.0
N/A,Your Lucky Day,N/A,N/A,Table 5,N O V E M B E R,10.0,Well Go USA Entertainment,"Dan Brown (director/screenplay); Angus Cloud, Jessica Garza, Elliot Knight, Jason O'Mara, Sterling Beaumon, Jason Wiles, Spencer Garrett",[279],N/A,2023,0.0
N/A,It's a Wonderful Knife,N/A,N/A,Table 5,N O V E M B E R,10.0,RLJE Films / Shudder,"Tyler MacIntyre (director); Michael Kennedy (screenplay); Joel McHale, Justin Long, Jane Widdop, Katharine Isabelle, Jess McLeod, Cassandra Naud",[280],N/A,2023,0.0
N/A,Manodrome,N/A,N/A,Table 5,N O V E M B E R,10.0,Lionsgate,"John Trengove (director/screenplay); Jesse Eisenberg, Adrien Brody, Odessa Young, Sallieu Sesay, Philip Ettinger, Ethan Suplee, Evan Jonigkeit, Caleb Eberhardt",[281],N/A,2023,0.0
N/A,The Master Chief: Part One,N/A,N/A,Table 5,N O V E M B E R,10.0,Albea Embestro Soriano,"Chris Soriano (director/screenplay); Chris Soriano, Haley Weber, Hillary Soriano, Ryan Barrier",[282],N/A,2023,0.0
N/A,Best. Christmas. Ever!,N/A,N/A,Table 5,N O V E M B E R,16.0,Netflix,"Mary Lambert (director); Charles Shyer, Todd Calgi Gallicano (screenplay); Brandy Norwood, Heather Graham, Matt Cedeño, Jason Biggs",[283],N/A,2023,0.0
N/A,The Hunger Games: The Ballad of Songbirds & Snakes,N/A,N/A,Table 5,N O V E M B E R,17.0,Lionsgate / Color Force,"Francis Lawrence (director); Michael Lesslie, Michael Arndt (screenplay); Tom Blyth, Rachel Zegler, Peter Dinklage, Jason Schwartzman, Hunter Schafer, Josh Andrés Rivera, Viola Davis",[284],N/A,2023,0.0
N/A,Trolls Band Together,N/A,N/A,Table 5,N O V E M B E R,17.0,Universal Pictures / DreamWorks Animation,"Walt Dohrn (director); Elizabeth Tippet (screenplay); Anna Kendrick, Justin Timberlake, Kenan Thompson, Kunal Nayyar, Camila Cabello, Eric Andre, Troye Sivan, Kid Cudi, Andrew Rannells, Amy Schumer, Daveed Diggs, RuPaul, Zosia Mamet",[285],N/A,2023,0.0
N/A,Thanksgiving,N/A,N/A,Table 5,N O V E M B E R,17.0,TriStar Pictures / Spyglass Media Group,"Eli Roth (director); Jeff Rendell (screenplay); Patrick Dempsey, Addison Rae, Milo Manheim, Jalen Thomas Brooks, Nell Verlaquel, Rick Hoffman, Gina Gershon",[286],N/A,2023,0.0
N/A,Next Goal Wins,N/A,N/A,Table 5,N O V E M B E R,17.0,Searchlight Pictures / The Imaginarium,"Taika Waititi (director/screenplay); Iain Morris (screenplay); Michael Fassbender, Oscar Kightley, Kaimana, David Fane, Rachel House, Beulah Koale, Will Arnett, Elisabeth Moss",[287],N/A,2023,0.0
N/A,Saltburn,N/A,N/A,Table 5,N O V E M B E R,17.0,Metro-Goldwyn-Mayer / MRC / LuckyChap Entertainment,"Emerald Fennell (director/screenplay); Barry Keoghan, Jacob Elordi, Rosamund Pike, Richard E. Grant, Alison Oliver, Archie Madekwe, Carey Mulligan",[288],N/A,2023,0.0
N/A,May December,N/A,N/A,Table 5,N O V E M B E R,17.0,Netflix / Gloria Sanchez Productions / Killer Films,"Todd Haynes (director); Samy Burch (screenplay); Natalie Portman, Julianne Moore, Charles Melton, Cory Michael Smith",[289],N/A,2023,0.0
N/A,Dashing Through the Snow,N/A,N/A,Table 5,N O V E M B E R,17.0,Disney+ / Walt Disney Pictures / Will Packer Productions,"Tim Story (director); Scott Rosenberg (screenplay); Lil Rel Howery, Ludacris, Madison Skye Validum, Teyonah Parris, Oscar Nunez",[290],N/A,2023,0.0
N/A,Please Don't Destroy: The Treasure of Foggy Mountain,N/A,N/A,Table 5,N O V E M B E R,17.0,Peacock / Universal Pictures / Apatow Productions,"Paul Briganti (director); Ben Marshall, John Higgins, Martin Herlihy (screenplay); Ben Marshall, John Higgins, Martin Herlihy, Meg Stalter, X Mayo, Bowen Yang, Conan O'Brien",[291],N/A,2023,0.0
N/A,Leo,N/A,N/A,Table 5,N O V E M B E R,21.0,Netflix / Netflix Animation / Happy Madison Productions,"Robert Smigel, Robert Marianetti, David Wachtenheim (directors); Adam Sandler, Bill Burr, Cecily Strong, Jason Alexander, Rob Schneider, Stephanie Hsu",[292],N/A,2023,0.0
N/A,Wish,N/A,N/A,Table 5,N O V E M B E R,22.0,Walt Disney Pictures / Walt Disney Animation Studios,"Chris Buck, Fawn Veerasunthorn (directors); Jennifer Lee, Allison Moore (screenplay); Ariana DeBose, Chris Pine, Alan Tudyk, Angelique Cabral, Victor Garber, Natasha Rothwell, Jennifer Kumiyama, Harvey Guillén, Evan Peters, Ramy Youssef, Jon Rudnitsky",[293],N/A,2023,0.0
N/A,Napoleon,N/A,N/A,Table 5,N O V E M B E R,22.0,Columbia Pictures / Apple Studios / Scott Free Productions,"Ridley Scott (director); David Scarpa (screenplay); Joaquin Phoenix, Vanessa Kirby, Tahar Rahim, Ben Miles, Rupert Everett",[294],N/A,2023,0.0
N/A,Maestro,N/A,N/A,Table 5,N O V E M B E R,22.0,Netflix / Sikelia Productions / Amblin Entertainment,"Bradley Cooper (director/screenplay); Josh Singer (screenplay); Carey Mulligan, Bradley Cooper, Matt Bomer, Maya Hawke, Sarah Silverman",[295],N/A,2023,0.0
N/A,Leave the World Behind,N/A,N/A,Table 5,N O V E M B E R,22.0,Netflix / Higher Ground Productions,"Sam Esmail (director/screenplay); Julia Roberts, Mahershala Ali, Ethan Hawke, Myha'la Herrold, Farrah Mackenzie, Charlie Evans, Kevin Bacon",[296],N/A,2023,0.0
N/A,Good Burger 2,N/A,N/A,Table 5,N O V E M B E R,22.0,Paramount+ / Nickelodeon Movies,"Phil Traill (director); Kevin Kopelow, Heath Seifert, James III (screenplay); Kenan Thompson, Kel Mitchell",[297],N/A,2023,0.0
N/A,Genie,N/A,N/A,Table 5,N O V E M B E R,22.0,Peacock / Universal Pictures / Working Title Films,"Sam Boyd (director); Richard Curtis (screenplay); Melissa McCarthy, Paapa Essiedu, Denée Benton, Marc Maron, Jordyn McIntosh, Luis Guzmán, Alan Cumming",[298],N/A,2023,0.0
N/A,Family Switch,N/A,N/A,Table 5,N O V E M B E R,30.0,Netflix / Wonderland Sound and Vision,"McG (director); Adam Sztykiel, Victoria Strouse (screenplay); Jennifer Garner, Ed Helms, Emma Myers, Brady Noon, Rita Moreno",[299],N/A,2023,0.0
N/A,Renaissance: A Film by Beyoncé,N/A,N/A,Table 5,D E C E M B E R,1.0,AMC Entertainment / Parkwood Entertainment,"Beyoncé (director); Beyoncé, Blue Ivy Carter, Megan Thee Stallion, Kendrick Lamar, Diana Ross, Jay-Z, Kelly Rowland, Michelle Williams, LaTavia Roberson, LeToya Luckett, Tina Knowles",[300],N/A,2023,0.0
N/A,Silent Night,N/A,N/A,Table 5,D E C E M B E R,1.0,Lionsgate / Thunder Road Films,"John Woo (director); Robert Archer Lynn (screenplay); Joel Kinnaman, Scott Mescudi, Harold Torres, Catalina Sandino Moreno",[301],N/A,2023,0.0
N/A,Candy Cane Lane,N/A,N/A,Table 5,D E C E M B E R,1.0,Amazon Studios / Imagine Entertainment,"Reginald Hudlin (director); Kelly Younger (screenplay); Eddie Murphy, Tracee Ellis Ross, Jillian Bell, Nick Offerman, Robin Thede, Chris Redd",[302],N/A,2023,0.0
N/A,Eileen,N/A,N/A,Table 5,D E C E M B E R,1.0,Neon / Film4 Productions / Likely Story,"William Oldroyd (director); Ottessa Moshfegh, Luke Goebel (screenplay); Thomasin McKenzie, Shea Whigham, Marin Ireland, Owen Teague, Anne Hathaway",[303],N/A,2023,0.0
N/A,The Shift,N/A,N/A,Table 5,D E C E M B E R,1.0,Angel Studios,"Brock Heasley (director/screenplay); Kristoffer Polaha, Neal McDonough, Elizabeth Tabish, Rose Reid, Sean Astin",[304],N/A,2023,0.0
N/A,Holiday Twist,N/A,N/A,Table 5,D E C E M B E R,1.0,ETM Distribution,"Stephanie Garvin (director/screenplay); Kelly Stables, Neal McDonough, Sean Astin, Caylee Cowan, James Maslow, Hugh Sheridan",[305],N/A,2023,0.0
N/A,Abigail,N/A,N/A,Table 5,D E C E M B E R,5.0,Dark Star Pictures,"Melissa Vitello (director); Gunnar Garrett (screenplay); Ava Cantrell, Tren Reed-Brown, Hermione Lynch, Gene Farber, Karimah Westbrook",[306],N/A,2023,0.0
N/A,Waitress: The Musical,N/A,N/A,Table 5,D E C E M B E R,7.0,Bleecker Street / Fathom Events,"Brett Sullivan, Jessie Nelson (directors); Jessie Nelson (screenplay); Sara Bareilles, Drew Gehling, Charity Angél Dawson, Caitlin Houlahan, Dakin Matthews, Christpher Fitzgerald, Joe Tippett, Eric Anderson",[307],N/A,2023,0.0
N/A,Poor Things,N/A,N/A,Table 5,D E C E M B E R,8.0,Searchlight Pictures / Film4 Productions / Element Pictures,"Yorgos Lanthimos (director); Tony McNamara (screenplay); Emma Stone, Mark Ruffalo, Willem Dafoe, Ramy Youssef, Christopher Abbott, Kathryn Hunter, Jerrod Carmichael, Hanna Schygulla, Margaret Qualley, Vicki Pepperdine",[308],N/A,2023,0.0
N/A,Origin,N/A,N/A,Table 5,D E C E M B E R,8.0,Neon / ARRAY Filmworks,"Ava DuVernay (director/screenplay); Aunjanue Ellis-Taylor, Jon Bernthal, Vera Farmiga, Audra McDonald, Niecy Nash-Betts, Nick Offerman, Blair Underwood",[309],N/A,2023,0.0
N/A,Diary of a Wimpy Kid Christmas: Cabin Fever,N/A,N/A,Table 5,D E C E M B E R,8.0,Disney+ / Walt Disney Pictures / Bardel Entertainment,"Luke Cormican (director); Jeff Kinney (screenplay); Wesley Kimmel, Spencer Howell, Hunter Dillon, Erica Cerra, Chris Diamantopoulos",[310],N/A,2023,0.0
N/A,Our Son,N/A,N/A,Table 5,D E C E M B E R,8.0,Vertical Entertainment,"Bill Oliver (director/screenplay); Peter Nickowitz (screenplay); Luke Evans, Billy Porter, Christopher Woodley, Andrew Rannells, Robin Weigert, Kate Burton, Phylicia Rashad",[311],N/A,2023,0.0
N/A,The Cello,N/A,N/A,Table 5,D E C E M B E R,8.0,Destiny Media Entertainment,"Darren Lynn Bousman (director); Turki Al Alshikh (screenplay); Jeremy Irons, Samer Ismail, Elham Ali, Souad Abdullah, Tobin Bell, Muhannad Al Hamdi",[312],N/A,2023,0.0
N/A,The Oath,N/A,N/A,Table 5,D E C E M B E R,8.0,Freestyle Releasing,"Darin Scott (director/screenplay); Michelle Scott (screenplay); Darin Scott, Nora Dale, Karina Lombard, Eugene Brave Rock, Billy Zane, Philip Niu, Aron Stevens, Wase Chief",[313],N/A,2023,0.0
N/A,Craig Before the Creek,N/A,N/A,Table 5,D E C E M B E R,11.0,Warner Bros. Discovery Home Entertainment / Cartoon Network Studios,"Matt Burnett, Ben Levin (director/screenplay); Philip Solomon, Noël Wells, H. Michael Croner, Vico Ortiz, Kimberly Hébert Gregory, Byron Marc Newsome, Phil LaMarr, Lucia Cunningham",[314],N/A,2023,0.0
N/A,Wonka,N/A,N/A,Table 5,D E C E M B E R,15.0,Warner Bros. Pictures / Village Roadshow Pictures / Heyday Films,"Paul King (director/screenplay); Simon Farnaby (screenplay); Timothée Chalamet, Calah Lane, Keegan-Michael Key, Paterson Joseph, Matt Lucas, Mathew Baynton, Sally Hawkins, Rowan Atkinson, Jim Carter, Natasha Rothwell, Tom Davis, Olivia Colman, Hugh Grant",[175],N/A,2023,0.0
N/A,Chicken Run: Dawn of the Nugget,N/A,N/A,Table 5,D E C E M B E R,15.0,Netflix / Aardman Animations,"Sam Fell (director); Karey Kirkpatrick, John O'Farrell, Rachel Tunnard (screenplay); Thandiwe Newton, Zachary Levi, Bella Ramsey, Imelda Staunton, Lynn Ferguson, David Bradley, Jane Horrocks, Romesh Ranganathan, Daniel Mays, Josie Sedgwick-Davies, Nick Mohammed, Miranda Richardson, Peter Serafinowicz",[315],N/A,2023,0.0
N/A,Rebel Moon,N/A,N/A,Table 5,D E C E M B E R,15.0,Netflix / The Stone Quarry,"Zack Snyder (director/screenplay); Kurt Johnstad, Shay Hatten (screenplay); Sofia Boutella, Djimon Hounsou, Ed Skrein, Michiel Huisman, Bae Doona, Ray Fisher, Charlie Hunnam, Anthony Hopkins",[316],N/A,2023,0.0
N/A,American Fiction,N/A,N/A,Table 5,D E C E M B E R,15.0,Orion Pictures / MRC / T-Street Productions / 3 Arts Entertainment,"Cord Jefferson (director/screenplay); Jeffrey Wright, Tracee Ellis Ross, Issa Rae, Sterling K. Brown, John Ortiz, Erika Alexander, Leslie Uggams, Adam Brody, Keith David",[317],N/A,2023,0.0
N/A,The Family Plan,N/A,N/A,Table 5,D E C E M B E R,15.0,Apple TV+ / Skydance Media,"Simon Cellan Jones (director); David Coggeshall (screenplay); Mark Wahlberg, Michelle Monaghan, Saïd Taghmaoui, Maggie Q, Zoe Colletti, Van Crosby, Ciarán Hinds",[318],N/A,2023,0.0
N/A,Finestkind,N/A,N/A,Table 5,D E C E M B E R,15.0,Paramount+ / MTV Entertainment Studios,"Brian Helgeland (director/screenplay); Ben Foster, Toby Wallace, Jenna Ortega, Tommy Lee Jones",[319],N/A,2023,0.0
N/A,The Zone of Interest,N/A,N/A,Table 5,D E C E M B E R,15.0,A24 / Film4 Productions,"Jonathan Glazer (director/screenplay); Christian Friedel, Sandra Hüller",[320],N/A,2023,0.0
N/A,City of Love,N/A,N/A,Table 5,D E C E M B E R,19.0,Rotten Apple Entertainment / Freestyle Digital Media,"Èric Boadella (director/screenplay); Sara Pattarini (screenplay); Robert DeCesare, Kathryn Schott, Taylor Nichols, Mario Tardón, Myron Donley",[321],N/A,2023,0.0
N/A,Aquaman and the Lost Kingdom,N/A,N/A,Table 5,D E C E M B E R,22.0,Warner Bros. Pictures / DC Studios / Atomic Monster,"James Wan (director); David Leslie Johnson-McGoldrick (screenplay); Jason Momoa, Patrick Wilson, Amber Heard, Yahya Abdul-Mateen II, Dolph Lundgren, Randall Park, Temuera Morrison, Nicole Kidman",[322],N/A,2023,0.0
N/A,Migration,N/A,N/A,Table 5,D E C E M B E R,22.0,Universal Pictures / Illumination,"Benjamin Renner (director); Mike White (screenplay); Kumail Nanjiani, Elizabeth Banks, Awkwafina, Keegan-Michael Key, Carol Kane, David Mitchell, Isabela Merced, Caspar Jennings, Tresi Gazal, Danny DeVito",[323],N/A,2023,0.0
N/A,Anyone but You,N/A,N/A,Table 5,D E C E M B E R,22.0,Columbia Pictures / Roth/Kirschenbaum Films / SK Global,"Will Gluck (director/screenplay); Ilana Wolpert (screenplay); Sydney Sweeney, Glen Powell, Alexandra Shipp, GaTa, Hadley Robinson, Michelle Hurd, Dermot Mulroney, Darren Barnet, Rachel Griffiths, Bryan Brown",[324],N/A,2023,0.0
N/A,The Iron Claw,N/A,N/A,Table 5,D E C E M B E R,22.0,A24 / BBC Film,"Sean Durkin (director/screenplay); Zac Efron, Jeremy Allen White, Harris Dickinson, Maura Tierney, Stanley Simons, Lily James, Holt McCallany",[325],N/A,2023,0.0
N/A,Freud's Last Session,N/A,N/A,Table 5,D E C E M B E R,22.0,Sony Pictures Classics / Screen Ireland,"Matthew Brown (director/screenplay); Mark St. Germain (screenplay); Anthony Hopkins, Matthew Goode, Liv Lisa Fries, Jodi Balfour, Jeremy Northam, Orla Brady",[326],N/A,2023,0.0
N/A,Memory,N/A,N/A,Table 5,D E C E M B E R,22.0,Ketchup Entertainment / Mubi,"Michel Franco (director/screenplay); Jessica Chastain, Peter Sarsgaard, Merritt Wever, Brooke Timber, Elsie Fisher, Josh Charles, Jessica Harper",[327],N/A,2023,0.0
N/A,The Color Purple,N/A,N/A,Table 5,D E C E M B E R,25.0,Warner Bros. Pictures / Amblin Entertainment / OW Films,"Blitz Bazawule (director), Marcus Gardley (screenplay); Fantasia Barrino, Taraji P. Henson, Danielle Brooks, Colman Domingo, Corey Hawkins, H.E.R., Halle Bailey, Louis Gossett Jr., Phylicia Pearl Mpasi, Ciara, Jon Batiste, Aunjanue Ellis-Taylor",[328],N/A,2023,0.0
N/A,The Boys in the Boat,N/A,N/A,Table 5,D E C E M B E R,25.0,Metro-Goldwyn-Mayer / Smokehouse Pictures,"George Clooney (director), Mark L. Smith (screenplay); Callum Turner, Joel Edgerton, Peter Guinness",[329],N/A,2023,0.0
N/A,Ferrari,N/A,N/A,Table 5,D E C E M B E R,25.0,Neon / STXfilms / Ketchup Entertainment,"Michael Mann (director), Troy Kennedy Martin (screenplay); Adam Driver, Penelope Cruz, Shailene Woodley, Sarah Gadon, Gabriel Leone, Jack O'Connell, Patrick Dempsey",[330],N/A,2023,0.0
N/A,Good Grief,N/A,N/A,Table 5,D E C E M B E R,29.0,Netflix,"Dan Levy (director/screenplay); Dan Levy, Ruth Negga, Himesh Patel, Celia Imrie, David Bradley, Arnaud Valois, Luke Evans",[331],N/A,2023,0.0
